protocol,workload,round_id,sample_id,latency_ms,status,error_type,error_message
ssh,interactive_shell,1,1,27.818786,ok,,
ssh,interactive_shell,1,2,26.289777,ok,,
ssh,interactive_shell,1,3,22.969574,ok,,
ssh,interactive_shell,1,4,28.103229,ok,,
ssh,interactive_shell,1,5,24.013808,ok,,
ssh,interactive_shell,1,6,22.491891,ok,,
ssh,interactive_shell,1,7,23.330404,ok,,
ssh,interactive_shell,1,8,24.842507,ok,,
ssh,interactive_shell,1,9,21.331878,ok,,
ssh,interactive_shell,1,10,25.766298,ok,,
ssh,interactive_shell,1,11,21.345656,ok,,
ssh,interactive_shell,1,12,21.414637,ok,,
ssh,interactive_shell,1,13,21.313305,ok,,
ssh,interactive_shell,1,14,22.087967,ok,,
ssh,interactive_shell,1,15,38.798928,ok,,
ssh,interactive_shell,1,16,61.409336,ok,,
ssh,interactive_shell,1,17,41.041471,ok,,
ssh,interactive_shell,1,18,23.898790,ok,,
ssh,interactive_shell,1,19,27.365734,ok,,
ssh,interactive_shell,1,20,34.143232,ok,,
ssh,interactive_shell,1,21,28.990687,ok,,
ssh,interactive_shell,1,22,35.622520,ok,,
ssh,interactive_shell,1,23,24.653397,ok,,
ssh,interactive_shell,1,24,31.919837,ok,,
ssh,interactive_shell,1,25,27.124124,ok,,
ssh,interactive_shell,1,26,26.232017,ok,,
ssh,interactive_shell,1,27,21.499433,ok,,
ssh,interactive_shell,1,28,26.121759,ok,,
ssh,interactive_shell,1,29,26.569664,ok,,
ssh,interactive_shell,1,30,23.964771,ok,,
ssh,interactive_shell,1,31,22.147226,ok,,
ssh,interactive_shell,1,32,24.673785,ok,,
ssh,interactive_shell,1,33,22.905851,ok,,
ssh,interactive_shell,1,34,26.012148,ok,,
ssh,interactive_shell,1,35,24.016122,ok,,
ssh,interactive_shell,1,36,28.040026,ok,,
ssh,interactive_shell,1,37,24.275047,ok,,
ssh,interactive_shell,1,38,26.784218,ok,,
ssh,interactive_shell,1,39,23.041091,ok,,
ssh,interactive_shell,1,40,22.000560,ok,,
ssh,interactive_shell,1,41,23.711384,ok,,
ssh,interactive_shell,1,42,24.499916,ok,,
ssh,interactive_shell,1,43,25.125894,ok,,
ssh,interactive_shell,1,44,21.857227,ok,,
ssh,interactive_shell,1,45,23.659347,ok,,
ssh,interactive_shell,1,46,22.984277,ok,,
ssh,interactive_shell,1,47,24.413713,ok,,
ssh,interactive_shell,1,48,27.031402,ok,,
ssh,interactive_shell,1,49,24.490380,ok,,
ssh,interactive_shell,1,50,24.544564,ok,,
ssh,interactive_shell,1,51,28.865650,ok,,
ssh,interactive_shell,1,52,25.657021,ok,,
ssh,interactive_shell,1,53,22.779389,ok,,
ssh,interactive_shell,1,54,26.055537,ok,,
ssh,interactive_shell,1,55,22.964313,ok,,
ssh,interactive_shell,1,56,24.489990,ok,,
ssh,interactive_shell,1,57,21.588710,ok,,
ssh,interactive_shell,1,58,21.713006,ok,,
ssh,interactive_shell,1,59,24.984987,ok,,
ssh,interactive_shell,1,60,24.418917,ok,,
ssh,interactive_shell,1,61,27.321604,ok,,
ssh,interactive_shell,1,62,27.242326,ok,,
ssh,interactive_shell,1,63,28.251728,ok,,
ssh,interactive_shell,1,64,21.758599,ok,,
ssh,interactive_shell,1,65,44.996411,ok,,
ssh,interactive_shell,1,66,22.216114,ok,,
ssh,interactive_shell,1,67,23.295997,ok,,
ssh,interactive_shell,1,68,22.351317,ok,,
ssh,interactive_shell,1,69,29.933014,ok,,
ssh,interactive_shell,1,70,23.083109,ok,,
ssh,interactive_shell,1,71,23.917716,ok,,
ssh,interactive_shell,1,72,22.487113,ok,,
ssh,interactive_shell,1,73,21.992616,ok,,
ssh,interactive_shell,1,74,24.533860,ok,,
ssh,interactive_shell,1,75,27.071420,ok,,
ssh,interactive_shell,1,76,22.605760,ok,,
ssh,interactive_shell,1,77,27.493103,ok,,
ssh,interactive_shell,1,78,27.952785,ok,,
ssh,interactive_shell,1,79,25.917519,ok,,
ssh,interactive_shell,1,80,23.525755,ok,,
ssh,interactive_shell,1,81,29.620387,ok,,
ssh,interactive_shell,1,82,21.952745,ok,,
ssh,interactive_shell,1,83,24.486731,ok,,
ssh,interactive_shell,1,84,21.820061,ok,,
ssh,interactive_shell,1,85,26.560182,ok,,
ssh,interactive_shell,1,86,22.730481,ok,,
ssh,interactive_shell,1,87,21.531674,ok,,
ssh,interactive_shell,1,88,22.802574,ok,,
ssh,interactive_shell,1,89,22.045430,ok,,
ssh,interactive_shell,1,90,22.972591,ok,,
ssh,interactive_shell,1,91,22.353132,ok,,
ssh,interactive_shell,1,92,22.903517,ok,,
ssh,interactive_shell,1,93,26.369683,ok,,
ssh,interactive_shell,1,94,21.641488,ok,,
ssh,interactive_shell,1,95,26.493867,ok,,
ssh,interactive_shell,1,96,25.938408,ok,,
ssh,interactive_shell,1,97,28.191876,ok,,
ssh,interactive_shell,1,98,22.876907,ok,,
ssh,interactive_shell,1,99,21.386008,ok,,
ssh,interactive_shell,1,100,27.731435,ok,,
ssh,interactive_shell,2,1,47.327489,ok,,
ssh,interactive_shell,2,2,26.664773,ok,,
ssh,interactive_shell,2,3,25.352763,ok,,
ssh,interactive_shell,2,4,23.101127,ok,,
ssh,interactive_shell,2,5,21.363063,ok,,
ssh,interactive_shell,2,6,27.278788,ok,,
ssh,interactive_shell,2,7,22.329114,ok,,
ssh,interactive_shell,2,8,21.555580,ok,,
ssh,interactive_shell,2,9,23.378663,ok,,
ssh,interactive_shell,2,10,34.273471,ok,,
ssh,interactive_shell,2,11,26.653681,ok,,
ssh,interactive_shell,2,12,32.305334,ok,,
ssh,interactive_shell,2,13,28.022248,ok,,
ssh,interactive_shell,2,14,27.085568,ok,,
ssh,interactive_shell,2,15,28.426671,ok,,
ssh,interactive_shell,2,16,24.387806,ok,,
ssh,interactive_shell,2,17,32.771276,ok,,
ssh,interactive_shell,2,18,23.942974,ok,,
ssh,interactive_shell,2,19,30.330623,ok,,
ssh,interactive_shell,2,20,33.980825,ok,,
ssh,interactive_shell,2,21,21.425044,ok,,
ssh,interactive_shell,2,22,22.040226,ok,,
ssh,interactive_shell,2,23,22.964628,ok,,
ssh,interactive_shell,2,24,21.684321,ok,,
ssh,interactive_shell,2,25,21.528229,ok,,
ssh,interactive_shell,2,26,22.892739,ok,,
ssh,interactive_shell,2,27,25.951703,ok,,
ssh,interactive_shell,2,28,37.523360,ok,,
ssh,interactive_shell,2,29,46.449809,ok,,
ssh,interactive_shell,2,30,39.241146,ok,,
ssh,interactive_shell,2,31,24.486712,ok,,
ssh,interactive_shell,2,32,23.436384,ok,,
ssh,interactive_shell,2,33,49.030219,ok,,
ssh,interactive_shell,2,34,23.975363,ok,,
ssh,interactive_shell,2,35,23.186720,ok,,
ssh,interactive_shell,2,36,22.869406,ok,,
ssh,interactive_shell,2,37,22.868258,ok,,
ssh,interactive_shell,2,38,21.208749,ok,,
ssh,interactive_shell,2,39,21.419082,ok,,
ssh,interactive_shell,2,40,22.846647,ok,,
ssh,interactive_shell,2,41,22.755832,ok,,
ssh,interactive_shell,2,42,23.448866,ok,,
ssh,interactive_shell,2,43,26.457534,ok,,
ssh,interactive_shell,2,44,22.061319,ok,,
ssh,interactive_shell,2,45,21.645525,ok,,
ssh,interactive_shell,2,46,21.591154,ok,,
ssh,interactive_shell,2,47,24.790211,ok,,
ssh,interactive_shell,2,48,21.673580,ok,,
ssh,interactive_shell,2,49,21.349730,ok,,
ssh,interactive_shell,2,50,22.817666,ok,,
ssh,interactive_shell,2,51,21.341748,ok,,
ssh,interactive_shell,2,52,23.977252,ok,,
ssh,interactive_shell,2,53,21.445303,ok,,
ssh,interactive_shell,2,54,23.043201,ok,,
ssh,interactive_shell,2,55,22.730185,ok,,
ssh,interactive_shell,2,56,22.952591,ok,,
ssh,interactive_shell,2,57,24.535082,ok,,
ssh,interactive_shell,2,58,23.455236,ok,,
ssh,interactive_shell,2,59,24.726155,ok,,
ssh,interactive_shell,2,60,23.767939,ok,,
ssh,interactive_shell,2,61,23.175386,ok,,
ssh,interactive_shell,2,62,23.258497,ok,,
ssh,interactive_shell,2,63,21.386100,ok,,
ssh,interactive_shell,2,64,22.796999,ok,,
ssh,interactive_shell,2,65,23.239386,ok,,
ssh,interactive_shell,2,66,21.531433,ok,,
ssh,interactive_shell,2,67,24.289731,ok,,
ssh,interactive_shell,2,68,23.278033,ok,,
ssh,interactive_shell,2,69,26.049981,ok,,
ssh,interactive_shell,2,70,23.487032,ok,,
ssh,interactive_shell,2,71,27.786544,ok,,
ssh,interactive_shell,2,72,26.083573,ok,,
ssh,interactive_shell,2,73,23.640772,ok,,
ssh,interactive_shell,2,74,23.693328,ok,,
ssh,interactive_shell,2,75,25.278078,ok,,
ssh,interactive_shell,2,76,24.912635,ok,,
ssh,interactive_shell,2,77,24.820284,ok,,
ssh,interactive_shell,2,78,23.925771,ok,,
ssh,interactive_shell,2,79,27.264381,ok,,
ssh,interactive_shell,2,80,21.887246,ok,,
ssh,interactive_shell,2,81,24.869692,ok,,
ssh,interactive_shell,2,82,23.159701,ok,,
ssh,interactive_shell,2,83,25.892482,ok,,
ssh,interactive_shell,2,84,22.363483,ok,,
ssh,interactive_shell,2,85,21.768708,ok,,
ssh,interactive_shell,2,86,22.477742,ok,,
ssh,interactive_shell,2,87,22.460742,ok,,
ssh,interactive_shell,2,88,22.595833,ok,,
ssh,interactive_shell,2,89,22.019318,ok,,
ssh,interactive_shell,2,90,22.171725,ok,,
ssh,interactive_shell,2,91,24.622210,ok,,
ssh,interactive_shell,2,92,23.779456,ok,,
ssh,interactive_shell,2,93,26.091685,ok,,
ssh,interactive_shell,2,94,29.195074,ok,,
ssh,interactive_shell,2,95,26.232239,ok,,
ssh,interactive_shell,2,96,23.706160,ok,,
ssh,interactive_shell,2,97,49.122959,ok,,
ssh,interactive_shell,2,98,27.525936,ok,,
ssh,interactive_shell,2,99,22.166928,ok,,
ssh,interactive_shell,2,100,25.917204,ok,,
ssh,interactive_shell,3,1,21.579117,ok,,
ssh,interactive_shell,3,2,36.792011,ok,,
ssh,interactive_shell,3,3,43.879822,ok,,
ssh,interactive_shell,3,4,29.953643,ok,,
ssh,interactive_shell,3,5,24.023584,ok,,
ssh,interactive_shell,3,6,27.850914,ok,,
ssh,interactive_shell,3,7,42.398220,ok,,
ssh,interactive_shell,3,8,25.967499,ok,,
ssh,interactive_shell,3,9,26.138943,ok,,
ssh,interactive_shell,3,10,23.064998,ok,,
ssh,interactive_shell,3,11,24.511452,ok,,
ssh,interactive_shell,3,12,26.439015,ok,,
ssh,interactive_shell,3,13,22.585444,ok,,
ssh,interactive_shell,3,14,28.277616,ok,,
ssh,interactive_shell,3,15,24.278028,ok,,
ssh,interactive_shell,3,16,24.175954,ok,,
ssh,interactive_shell,3,17,25.693631,ok,,
ssh,interactive_shell,3,18,23.330088,ok,,
ssh,interactive_shell,3,19,26.961308,ok,,
ssh,interactive_shell,3,20,21.867689,ok,,
ssh,interactive_shell,3,21,22.915887,ok,,
ssh,interactive_shell,3,22,23.974807,ok,,
ssh,interactive_shell,3,23,25.662852,ok,,
ssh,interactive_shell,3,24,23.761771,ok,,
ssh,interactive_shell,3,25,24.120788,ok,,
ssh,interactive_shell,3,26,24.306730,ok,,
ssh,interactive_shell,3,27,25.530187,ok,,
ssh,interactive_shell,3,28,26.378256,ok,,
ssh,interactive_shell,3,29,23.805011,ok,,
ssh,interactive_shell,3,30,22.646370,ok,,
ssh,interactive_shell,3,31,21.619635,ok,,
ssh,interactive_shell,3,32,23.840456,ok,,
ssh,interactive_shell,3,33,113.237239,ok,,
ssh,interactive_shell,3,34,27.497601,ok,,
ssh,interactive_shell,3,35,25.561113,ok,,
ssh,interactive_shell,3,36,24.807987,ok,,
ssh,interactive_shell,3,37,23.714531,ok,,
ssh,interactive_shell,3,38,21.532654,ok,,
ssh,interactive_shell,3,39,25.009337,ok,,
ssh,interactive_shell,3,40,24.293694,ok,,
ssh,interactive_shell,3,41,22.016410,ok,,
ssh,interactive_shell,3,42,23.430569,ok,,
ssh,interactive_shell,3,43,28.110376,ok,,
ssh,interactive_shell,3,44,23.021052,ok,,
ssh,interactive_shell,3,45,24.434304,ok,,
ssh,interactive_shell,3,46,27.796507,ok,,
ssh,interactive_shell,3,47,21.791393,ok,,
ssh,interactive_shell,3,48,25.939518,ok,,
ssh,interactive_shell,3,49,28.073580,ok,,
ssh,interactive_shell,3,50,21.586357,ok,,
ssh,interactive_shell,3,51,22.161595,ok,,
ssh,interactive_shell,3,52,25.208929,ok,,
ssh,interactive_shell,3,53,22.580722,ok,,
ssh,interactive_shell,3,54,21.496376,ok,,
ssh,interactive_shell,3,55,21.431932,ok,,
ssh,interactive_shell,3,56,21.358618,ok,,
ssh,interactive_shell,3,57,27.148715,ok,,
ssh,interactive_shell,3,58,27.640915,ok,,
ssh,interactive_shell,3,59,23.065423,ok,,
ssh,interactive_shell,3,60,23.231366,ok,,
ssh,interactive_shell,3,61,24.017566,ok,,
ssh,interactive_shell,3,62,23.195292,ok,,
ssh,interactive_shell,3,63,22.304223,ok,,
ssh,interactive_shell,3,64,25.623667,ok,,
ssh,interactive_shell,3,65,26.953549,ok,,
ssh,interactive_shell,3,66,24.106824,ok,,
ssh,interactive_shell,3,67,21.289026,ok,,
ssh,interactive_shell,3,68,22.814387,ok,,
ssh,interactive_shell,3,69,21.272582,ok,,
ssh,interactive_shell,3,70,23.025145,ok,,
ssh,interactive_shell,3,71,22.900053,ok,,
ssh,interactive_shell,3,72,21.756374,ok,,
ssh,interactive_shell,3,73,21.758171,ok,,
ssh,interactive_shell,3,74,25.136096,ok,,
ssh,interactive_shell,3,75,25.593001,ok,,
ssh,interactive_shell,3,76,22.063911,ok,,
ssh,interactive_shell,3,77,22.671036,ok,,
ssh,interactive_shell,3,78,28.277245,ok,,
ssh,interactive_shell,3,79,21.582598,ok,,
ssh,interactive_shell,3,80,23.629087,ok,,
ssh,interactive_shell,3,81,25.648630,ok,,
ssh,interactive_shell,3,82,26.660551,ok,,
ssh,interactive_shell,3,83,23.782659,ok,,
ssh,interactive_shell,3,84,21.469154,ok,,
ssh,interactive_shell,3,85,23.571735,ok,,
ssh,interactive_shell,3,86,22.299316,ok,,
ssh,interactive_shell,3,87,25.327428,ok,,
ssh,interactive_shell,3,88,26.319145,ok,,
ssh,interactive_shell,3,89,24.351360,ok,,
ssh,interactive_shell,3,90,26.219127,ok,,
ssh,interactive_shell,3,91,26.828828,ok,,
ssh,interactive_shell,3,92,22.945349,ok,,
ssh,interactive_shell,3,93,23.022645,ok,,
ssh,interactive_shell,3,94,23.086312,ok,,
ssh,interactive_shell,3,95,22.867498,ok,,
ssh,interactive_shell,3,96,24.934227,ok,,
ssh,interactive_shell,3,97,49.433289,ok,,
ssh,interactive_shell,3,98,24.748543,ok,,
ssh,interactive_shell,3,99,24.349749,ok,,
ssh,interactive_shell,3,100,26.113387,ok,,
ssh,vim,1,1,26.322552,ok,,
ssh,vim,1,2,31.055914,ok,,
ssh,vim,1,3,26.567143,ok,,
ssh,vim,1,4,24.083565,ok,,
ssh,vim,1,5,26.613902,ok,,
ssh,vim,1,6,25.767148,ok,,
ssh,vim,1,7,40.305138,ok,,
ssh,vim,1,8,31.272338,ok,,
ssh,vim,1,9,25.682500,ok,,
ssh,vim,1,10,28.917648,ok,,
ssh,vim,1,11,23.838733,ok,,
ssh,vim,1,12,36.584548,ok,,
ssh,vim,1,13,24.958282,ok,,
ssh,vim,1,14,29.501589,ok,,
ssh,vim,1,15,24.448470,ok,,
ssh,vim,1,16,30.157585,ok,,
ssh,vim,1,17,37.784486,ok,,
ssh,vim,1,18,25.056207,ok,,
ssh,vim,1,19,22.822313,ok,,
ssh,vim,1,20,29.794828,ok,,
ssh,vim,1,21,25.404761,ok,,
ssh,vim,1,22,27.105770,ok,,
ssh,vim,1,23,27.291287,ok,,
ssh,vim,1,24,28.781705,ok,,
ssh,vim,1,25,28.513280,ok,,
ssh,vim,1,26,25.325298,ok,,
ssh,vim,1,27,25.298576,ok,,
ssh,vim,1,28,27.636637,ok,,
ssh,vim,1,29,30.679212,ok,,
ssh,vim,1,30,22.509667,ok,,
ssh,vim,1,31,22.010355,ok,,
ssh,vim,1,32,22.186612,ok,,
ssh,vim,1,33,29.788198,ok,,
ssh,vim,1,34,23.525142,ok,,
ssh,vim,1,35,28.222208,ok,,
ssh,vim,1,36,32.144407,ok,,
ssh,vim,1,37,28.214504,ok,,
ssh,vim,1,38,26.022516,ok,,
ssh,vim,1,39,25.938258,ok,,
ssh,vim,1,40,28.575965,ok,,
ssh,vim,1,41,27.846173,ok,,
ssh,vim,1,42,29.406423,ok,,
ssh,vim,1,43,25.102392,ok,,
ssh,vim,1,44,25.213558,ok,,
ssh,vim,1,45,28.270633,ok,,
ssh,vim,1,46,24.917931,ok,,
ssh,vim,1,47,26.092645,ok,,
ssh,vim,1,48,23.750289,ok,,
ssh,vim,1,49,27.166455,ok,,
ssh,vim,1,50,24.830375,ok,,
ssh,vim,1,51,24.581432,ok,,
ssh,vim,1,52,26.247960,ok,,
ssh,vim,1,53,25.327021,ok,,
ssh,vim,1,54,27.032992,ok,,
ssh,vim,1,55,23.308198,ok,,
ssh,vim,1,56,24.479969,ok,,
ssh,vim,1,57,23.671511,ok,,
ssh,vim,1,58,29.940531,ok,,
ssh,vim,1,59,22.345723,ok,,
ssh,vim,1,60,26.827048,ok,,
ssh,vim,1,61,33.404955,ok,,
ssh,vim,1,62,27.383545,ok,,
ssh,vim,1,63,25.509427,ok,,
ssh,vim,1,64,23.565789,ok,,
ssh,vim,1,65,29.036906,ok,,
ssh,vim,1,66,24.616821,ok,,
ssh,vim,1,67,27.487452,ok,,
ssh,vim,1,68,25.195540,ok,,
ssh,vim,1,69,22.422760,ok,,
ssh,vim,1,70,24.066713,ok,,
ssh,vim,1,71,23.579345,ok,,
ssh,vim,1,72,26.369718,ok,,
ssh,vim,1,73,22.472518,ok,,
ssh,vim,1,74,27.026529,ok,,
ssh,vim,1,75,23.313476,ok,,
ssh,vim,1,76,28.638076,ok,,
ssh,vim,1,77,26.504181,ok,,
ssh,vim,1,78,24.611043,ok,,
ssh,vim,1,79,27.816673,ok,,
ssh,vim,1,80,22.968034,ok,,
ssh,vim,1,81,25.423094,ok,,
ssh,vim,1,82,26.177756,ok,,
ssh,vim,1,83,26.100886,ok,,
ssh,vim,1,84,26.416069,ok,,
ssh,vim,1,85,27.903895,ok,,
ssh,vim,1,86,27.254639,ok,,
ssh,vim,1,87,24.018436,ok,,
ssh,vim,1,88,24.557525,ok,,
ssh,vim,1,89,23.676770,ok,,
ssh,vim,1,90,30.381306,ok,,
ssh,vim,1,91,22.870405,ok,,
ssh,vim,1,92,27.583693,ok,,
ssh,vim,1,93,28.336632,ok,,
ssh,vim,1,94,30.428083,ok,,
ssh,vim,1,95,23.769493,ok,,
ssh,vim,1,96,23.361216,ok,,
ssh,vim,1,97,22.988441,ok,,
ssh,vim,1,98,24.359100,ok,,
ssh,vim,1,99,24.702468,ok,,
ssh,vim,1,100,26.314829,ok,,
ssh,vim,2,1,28.071930,ok,,
ssh,vim,2,2,31.079357,ok,,
ssh,vim,2,3,24.085212,ok,,
ssh,vim,2,4,24.797357,ok,,
ssh,vim,2,5,21.690856,ok,,
ssh,vim,2,6,27.627507,ok,,
ssh,vim,2,7,31.636854,ok,,
ssh,vim,2,8,32.086648,ok,,
ssh,vim,2,9,49.286159,ok,,
ssh,vim,2,10,41.349205,ok,,
ssh,vim,2,11,22.504703,ok,,
ssh,vim,2,12,23.853177,ok,,
ssh,vim,2,13,22.862146,ok,,
ssh,vim,2,14,41.206188,ok,,
ssh,vim,2,15,25.180465,ok,,
ssh,vim,2,16,30.582471,ok,,
ssh,vim,2,17,28.190874,ok,,
ssh,vim,2,18,22.693313,ok,,
ssh,vim,2,19,30.426879,ok,,
ssh,vim,2,20,21.918484,ok,,
ssh,vim,2,21,22.443296,ok,,
ssh,vim,2,22,22.694943,ok,,
ssh,vim,2,23,28.758870,ok,,
ssh,vim,2,24,21.591653,ok,,
ssh,vim,2,25,31.931852,ok,,
ssh,vim,2,26,28.698852,ok,,
ssh,vim,2,27,23.704066,ok,,
ssh,vim,2,28,25.451408,ok,,
ssh,vim,2,29,23.154496,ok,,
ssh,vim,2,30,27.969338,ok,,
ssh,vim,2,31,24.255138,ok,,
ssh,vim,2,32,23.512715,ok,,
ssh,vim,2,33,31.191227,ok,,
ssh,vim,2,34,22.811924,ok,,
ssh,vim,2,35,25.590852,ok,,
ssh,vim,2,36,26.015979,ok,,
ssh,vim,2,37,35.771071,ok,,
ssh,vim,2,38,22.736702,ok,,
ssh,vim,2,39,25.267224,ok,,
ssh,vim,2,40,23.309384,ok,,
ssh,vim,2,41,24.229229,ok,,
ssh,vim,2,42,29.869883,ok,,
ssh,vim,2,43,22.291389,ok,,
ssh,vim,2,44,22.159464,ok,,
ssh,vim,2,45,27.390267,ok,,
ssh,vim,2,46,22.420574,ok,,
ssh,vim,2,47,24.305582,ok,,
ssh,vim,2,48,33.535102,ok,,
ssh,vim,2,49,24.373488,ok,,
ssh,vim,2,50,25.218595,ok,,
ssh,vim,2,51,25.417649,ok,,
ssh,vim,2,52,23.773788,ok,,
ssh,vim,2,53,24.545987,ok,,
ssh,vim,2,54,24.329322,ok,,
ssh,vim,2,55,29.146146,ok,,
ssh,vim,2,56,23.210699,ok,,
ssh,vim,2,57,26.001719,ok,,
ssh,vim,2,58,26.554735,ok,,
ssh,vim,2,59,22.288778,ok,,
ssh,vim,2,60,25.039799,ok,,
ssh,vim,2,61,24.504618,ok,,
ssh,vim,2,62,31.882740,ok,,
ssh,vim,2,63,25.938683,ok,,
ssh,vim,2,64,22.337426,ok,,
ssh,vim,2,65,21.604208,ok,,
ssh,vim,2,66,21.762781,ok,,
ssh,vim,2,67,24.996873,ok,,
ssh,vim,2,68,26.818474,ok,,
ssh,vim,2,69,23.141292,ok,,
ssh,vim,2,70,25.717203,ok,,
ssh,vim,2,71,21.778855,ok,,
ssh,vim,2,72,26.578179,ok,,
ssh,vim,2,73,25.473797,ok,,
ssh,vim,2,74,26.186941,ok,,
ssh,vim,2,75,26.651883,ok,,
ssh,vim,2,76,25.098984,ok,,
ssh,vim,2,77,24.268859,ok,,
ssh,vim,2,78,25.242409,ok,,
ssh,vim,2,79,25.606833,ok,,
ssh,vim,2,80,23.616585,ok,,
ssh,vim,2,81,27.823320,ok,,
ssh,vim,2,82,24.297192,ok,,
ssh,vim,2,83,22.264037,ok,,
ssh,vim,2,84,23.435697,ok,,
ssh,vim,2,85,23.568326,ok,,
ssh,vim,2,86,23.583437,ok,,
ssh,vim,2,87,25.530260,ok,,
ssh,vim,2,88,26.544384,ok,,
ssh,vim,2,89,22.174575,ok,,
ssh,vim,2,90,22.932015,ok,,
ssh,vim,2,91,27.161935,ok,,
ssh,vim,2,92,24.047471,ok,,
ssh,vim,2,93,28.493983,ok,,
ssh,vim,2,94,22.512239,ok,,
ssh,vim,2,95,22.635535,ok,,
ssh,vim,2,96,26.659456,ok,,
ssh,vim,2,97,26.995084,ok,,
ssh,vim,2,98,23.463030,ok,,
ssh,vim,2,99,24.818985,ok,,
ssh,vim,2,100,26.664197,ok,,
ssh,vim,3,1,28.788610,ok,,
ssh,vim,3,2,24.632635,ok,,
ssh,vim,3,3,33.258196,ok,,
ssh,vim,3,4,24.584653,ok,,
ssh,vim,3,5,29.042220,ok,,
ssh,vim,3,6,26.564068,ok,,
ssh,vim,3,7,43.179156,ok,,
ssh,vim,3,8,30.601026,ok,,
ssh,vim,3,9,31.332299,ok,,
ssh,vim,3,10,36.838434,ok,,
ssh,vim,3,11,32.846123,ok,,
ssh,vim,3,12,30.286805,ok,,
ssh,vim,3,13,27.242175,ok,,
ssh,vim,3,14,27.260527,ok,,
ssh,vim,3,15,23.611474,ok,,
ssh,vim,3,16,31.724056,ok,,
ssh,vim,3,17,27.814708,ok,,
ssh,vim,3,18,26.501716,ok,,
ssh,vim,3,19,24.650782,ok,,
ssh,vim,3,20,29.232367,ok,,
ssh,vim,3,21,25.588796,ok,,
ssh,vim,3,22,24.921114,ok,,
ssh,vim,3,23,25.235112,ok,,
ssh,vim,3,24,30.846542,ok,,
ssh,vim,3,25,24.155934,ok,,
ssh,vim,3,26,24.979632,ok,,
ssh,vim,3,27,31.204781,ok,,
ssh,vim,3,28,23.516493,ok,,
ssh,vim,3,29,30.006122,ok,,
ssh,vim,3,30,23.367327,ok,,
ssh,vim,3,31,24.737041,ok,,
ssh,vim,3,32,28.284632,ok,,
ssh,vim,3,33,27.319174,ok,,
ssh,vim,3,34,25.254667,ok,,
ssh,vim,3,35,27.018954,ok,,
ssh,vim,3,36,24.791263,ok,,
ssh,vim,3,37,24.519228,ok,,
ssh,vim,3,38,24.266711,ok,,
ssh,vim,3,39,24.609393,ok,,
ssh,vim,3,40,22.565350,ok,,
ssh,vim,3,41,25.203538,ok,,
ssh,vim,3,42,23.976212,ok,,
ssh,vim,3,43,22.562313,ok,,
ssh,vim,3,44,23.643658,ok,,
ssh,vim,3,45,28.688278,ok,,
ssh,vim,3,46,23.933379,ok,,
ssh,vim,3,47,22.057038,ok,,
ssh,vim,3,48,25.648499,ok,,
ssh,vim,3,49,30.325768,ok,,
ssh,vim,3,50,24.549042,ok,,
ssh,vim,3,51,23.832342,ok,,
ssh,vim,3,52,23.810676,ok,,
ssh,vim,3,53,28.348964,ok,,
ssh,vim,3,54,27.773116,ok,,
ssh,vim,3,55,35.786088,ok,,
ssh,vim,3,56,24.984836,ok,,
ssh,vim,3,57,23.349660,ok,,
ssh,vim,3,58,30.351823,ok,,
ssh,vim,3,59,22.703238,ok,,
ssh,vim,3,60,29.440180,ok,,
ssh,vim,3,61,28.217725,ok,,
ssh,vim,3,62,24.456302,ok,,
ssh,vim,3,63,27.445877,ok,,
ssh,vim,3,64,23.483734,ok,,
ssh,vim,3,65,37.474060,ok,,
ssh,vim,3,66,27.302026,ok,,
ssh,vim,3,67,25.832757,ok,,
ssh,vim,3,68,28.517296,ok,,
ssh,vim,3,69,25.447537,ok,,
ssh,vim,3,70,27.092268,ok,,
ssh,vim,3,71,27.526321,ok,,
ssh,vim,3,72,22.678478,ok,,
ssh,vim,3,73,22.665887,ok,,
ssh,vim,3,74,21.783799,ok,,
ssh,vim,3,75,22.694498,ok,,
ssh,vim,3,76,24.999946,ok,,
ssh,vim,3,77,25.116705,ok,,
ssh,vim,3,78,21.825318,ok,,
ssh,vim,3,79,26.677640,ok,,
ssh,vim,3,80,22.968126,ok,,
ssh,vim,3,81,21.769873,ok,,
ssh,vim,3,82,23.686825,ok,,
ssh,vim,3,83,28.581260,ok,,
ssh,vim,3,84,24.162322,ok,,
ssh,vim,3,85,24.095397,ok,,
ssh,vim,3,86,25.539721,ok,,
ssh,vim,3,87,23.771250,ok,,
ssh,vim,3,88,21.950964,ok,,
ssh,vim,3,89,25.012836,ok,,
ssh,vim,3,90,26.204829,ok,,
ssh,vim,3,91,21.959260,ok,,
ssh,vim,3,92,21.667281,ok,,
ssh,vim,3,93,23.916639,ok,,
ssh,vim,3,94,23.588418,ok,,
ssh,vim,3,95,21.583337,ok,,
ssh,vim,3,96,31.967424,ok,,
ssh,vim,3,97,33.167825,ok,,
ssh,vim,3,98,23.254438,ok,,
ssh,vim,3,99,23.991508,ok,,
ssh,vim,3,100,27.481932,ok,,
ssh,nano,1,1,23.989897,ok,,
ssh,nano,1,2,24.916559,ok,,
ssh,nano,1,3,26.674788,ok,,
ssh,nano,1,4,23.146402,ok,,
ssh,nano,1,5,26.596437,ok,,
ssh,nano,1,6,31.981387,ok,,
ssh,nano,1,7,36.061270,ok,,
ssh,nano,1,8,30.470340,ok,,
ssh,nano,1,9,24.723892,ok,,
ssh,nano,1,10,25.154779,ok,,
ssh,nano,1,11,22.591923,ok,,
ssh,nano,1,12,24.023267,ok,,
ssh,nano,1,13,23.179753,ok,,
ssh,nano,1,14,24.944965,ok,,
ssh,nano,1,15,22.616053,ok,,
ssh,nano,1,16,25.697424,ok,,
ssh,nano,1,17,26.386457,ok,,
ssh,nano,1,18,22.112704,ok,,
ssh,nano,1,19,26.742714,ok,,
ssh,nano,1,20,31.119077,ok,,
ssh,nano,1,21,25.873145,ok,,
ssh,nano,1,22,26.425753,ok,,
ssh,nano,1,23,35.050499,ok,,
ssh,nano,1,24,38.511960,ok,,
ssh,nano,1,25,28.477926,ok,,
ssh,nano,1,26,28.759054,ok,,
ssh,nano,1,27,27.209563,ok,,
ssh,nano,1,28,25.225723,ok,,
ssh,nano,1,29,23.409752,ok,,
ssh,nano,1,30,33.521915,ok,,
ssh,nano,1,31,30.324786,ok,,
ssh,nano,1,32,25.618424,ok,,
ssh,nano,1,33,33.705988,ok,,
ssh,nano,1,34,26.678085,ok,,
ssh,nano,1,35,25.194519,ok,,
ssh,nano,1,36,22.430665,ok,,
ssh,nano,1,37,25.100409,ok,,
ssh,nano,1,38,22.373943,ok,,
ssh,nano,1,39,24.196322,ok,,
ssh,nano,1,40,23.706917,ok,,
ssh,nano,1,41,23.533195,ok,,
ssh,nano,1,42,29.774493,ok,,
ssh,nano,1,43,26.054069,ok,,
ssh,nano,1,44,23.199771,ok,,
ssh,nano,1,45,23.227586,ok,,
ssh,nano,1,46,24.062304,ok,,
ssh,nano,1,47,25.278612,ok,,
ssh,nano,1,48,33.417916,ok,,
ssh,nano,1,49,28.326761,ok,,
ssh,nano,1,50,21.503263,ok,,
ssh,nano,1,51,22.578016,ok,,
ssh,nano,1,52,23.222938,ok,,
ssh,nano,1,53,22.311888,ok,,
ssh,nano,1,54,27.344544,ok,,
ssh,nano,1,55,22.250759,ok,,
ssh,nano,1,56,25.561739,ok,,
ssh,nano,1,57,23.359752,ok,,
ssh,nano,1,58,23.672806,ok,,
ssh,nano,1,59,30.009935,ok,,
ssh,nano,1,60,22.842607,ok,,
ssh,nano,1,61,25.315130,ok,,
ssh,nano,1,62,28.885924,ok,,
ssh,nano,1,63,24.703430,ok,,
ssh,nano,1,64,24.568875,ok,,
ssh,nano,1,65,22.002408,ok,,
ssh,nano,1,66,22.711145,ok,,
ssh,nano,1,67,24.757485,ok,,
ssh,nano,1,68,21.999557,ok,,
ssh,nano,1,69,24.259266,ok,,
ssh,nano,1,70,21.875131,ok,,
ssh,nano,1,71,22.120408,ok,,
ssh,nano,1,72,23.603399,ok,,
ssh,nano,1,73,23.355715,ok,,
ssh,nano,1,74,21.861928,ok,,
ssh,nano,1,75,21.580318,ok,,
ssh,nano,1,76,27.387099,ok,,
ssh,nano,1,77,23.764898,ok,,
ssh,nano,1,78,24.812336,ok,,
ssh,nano,1,79,21.883391,ok,,
ssh,nano,1,80,27.792060,ok,,
ssh,nano,1,81,21.177450,ok,,
ssh,nano,1,82,23.653677,ok,,
ssh,nano,1,83,25.168001,ok,,
ssh,nano,1,84,24.603838,ok,,
ssh,nano,1,85,26.977990,ok,,
ssh,nano,1,86,26.713880,ok,,
ssh,nano,1,87,21.408486,ok,,
ssh,nano,1,88,26.890027,ok,,
ssh,nano,1,89,21.241598,ok,,
ssh,nano,1,90,22.143981,ok,,
ssh,nano,1,91,25.209482,ok,,
ssh,nano,1,92,23.545214,ok,,
ssh,nano,1,93,23.075736,ok,,
ssh,nano,1,94,25.124631,ok,,
ssh,nano,1,95,27.828874,ok,,
ssh,nano,1,96,21.301134,ok,,
ssh,nano,1,97,21.498282,ok,,
ssh,nano,1,98,21.926501,ok,,
ssh,nano,1,99,23.635084,ok,,
ssh,nano,1,100,21.866409,ok,,
ssh,nano,2,1,30.825079,ok,,
ssh,nano,2,2,24.849576,ok,,
ssh,nano,2,3,26.660622,ok,,
ssh,nano,2,4,29.122829,ok,,
ssh,nano,2,5,30.753967,ok,,
ssh,nano,2,6,26.254087,ok,,
ssh,nano,2,7,32.861733,ok,,
ssh,nano,2,8,25.136205,ok,,
ssh,nano,2,9,23.234586,ok,,
ssh,nano,2,10,31.673759,ok,,
ssh,nano,2,11,26.900064,ok,,
ssh,nano,2,12,29.369902,ok,,
ssh,nano,2,13,29.637363,ok,,
ssh,nano,2,14,37.082246,ok,,
ssh,nano,2,15,57.013647,ok,,
ssh,nano,2,16,48.404771,ok,,
ssh,nano,2,17,34.199743,ok,,
ssh,nano,2,18,26.967805,ok,,
ssh,nano,2,19,22.039667,ok,,
ssh,nano,2,20,21.632503,ok,,
ssh,nano,2,21,26.514826,ok,,
ssh,nano,2,22,40.452781,ok,,
ssh,nano,2,23,52.178656,ok,,
ssh,nano,2,24,23.198735,ok,,
ssh,nano,2,25,32.814085,ok,,
ssh,nano,2,26,30.231564,ok,,
ssh,nano,2,27,23.870878,ok,,
ssh,nano,2,28,48.101606,ok,,
ssh,nano,2,29,39.176455,ok,,
ssh,nano,2,30,32.839511,ok,,
ssh,nano,2,31,22.414831,ok,,
ssh,nano,2,32,24.719133,ok,,
ssh,nano,2,33,25.771515,ok,,
ssh,nano,2,34,22.534330,ok,,
ssh,nano,2,35,23.981044,ok,,
ssh,nano,2,36,24.653133,ok,,
ssh,nano,2,37,25.521980,ok,,
ssh,nano,2,38,22.026260,ok,,
ssh,nano,2,39,27.740356,ok,,
ssh,nano,2,40,23.673138,ok,,
ssh,nano,2,41,22.449164,ok,,
ssh,nano,2,42,22.169684,ok,,
ssh,nano,2,43,24.490504,ok,,
ssh,nano,2,44,24.951113,ok,,
ssh,nano,2,45,24.361246,ok,,
ssh,nano,2,46,23.567677,ok,,
ssh,nano,2,47,26.337808,ok,,
ssh,nano,2,48,25.630405,ok,,
ssh,nano,2,49,24.287673,ok,,
ssh,nano,2,50,23.221308,ok,,
ssh,nano,2,51,27.175303,ok,,
ssh,nano,2,52,29.268457,ok,,
ssh,nano,2,53,22.783755,ok,,
ssh,nano,2,54,24.703688,ok,,
ssh,nano,2,55,24.212802,ok,,
ssh,nano,2,56,27.413062,ok,,
ssh,nano,2,57,23.611768,ok,,
ssh,nano,2,58,28.796609,ok,,
ssh,nano,2,59,25.443055,ok,,
ssh,nano,2,60,22.834440,ok,,
ssh,nano,2,61,25.771811,ok,,
ssh,nano,2,62,26.993582,ok,,
ssh,nano,2,63,26.846602,ok,,
ssh,nano,2,64,25.356017,ok,,
ssh,nano,2,65,26.673732,ok,,
ssh,nano,2,66,25.608294,ok,,
ssh,nano,2,67,23.479028,ok,,
ssh,nano,2,68,24.688744,ok,,
ssh,nano,2,69,22.768070,ok,,
ssh,nano,2,70,24.366578,ok,,
ssh,nano,2,71,22.989180,ok,,
ssh,nano,2,72,27.772929,ok,,
ssh,nano,2,73,26.305475,ok,,
ssh,nano,2,74,28.376130,ok,,
ssh,nano,2,75,30.819263,ok,,
ssh,nano,2,76,23.623824,ok,,
ssh,nano,2,77,23.632824,ok,,
ssh,nano,2,78,23.034587,ok,,
ssh,nano,2,79,21.325800,ok,,
ssh,nano,2,80,22.690626,ok,,
ssh,nano,2,81,25.113797,ok,,
ssh,nano,2,82,26.999638,ok,,
ssh,nano,2,83,21.661872,ok,,
ssh,nano,2,84,24.326802,ok,,
ssh,nano,2,85,32.161904,ok,,
ssh,nano,2,86,31.790313,ok,,
ssh,nano,2,87,21.586725,ok,,
ssh,nano,2,88,26.922731,ok,,
ssh,nano,2,89,27.161267,ok,,
ssh,nano,2,90,25.872978,ok,,
ssh,nano,2,91,22.922477,ok,,
ssh,nano,2,92,29.093144,ok,,
ssh,nano,2,93,23.983489,ok,,
ssh,nano,2,94,33.693858,ok,,
ssh,nano,2,95,22.855625,ok,,
ssh,nano,2,96,26.891731,ok,,
ssh,nano,2,97,25.937403,ok,,
ssh,nano,2,98,22.596589,ok,,
ssh,nano,2,99,30.214897,ok,,
ssh,nano,2,100,24.986297,ok,,
ssh,nano,3,1,35.378458,ok,,
ssh,nano,3,2,24.636521,ok,,
ssh,nano,3,3,28.381055,ok,,
ssh,nano,3,4,34.627388,ok,,
ssh,nano,3,5,36.574210,ok,,
ssh,nano,3,6,23.378640,ok,,
ssh,nano,3,7,23.284529,ok,,
ssh,nano,3,8,24.415300,ok,,
ssh,nano,3,9,29.092013,ok,,
ssh,nano,3,10,32.655956,ok,,
ssh,nano,3,11,39.677618,ok,,
ssh,nano,3,12,24.833483,ok,,
ssh,nano,3,13,28.840219,ok,,
ssh,nano,3,14,22.995494,ok,,
ssh,nano,3,15,30.185525,ok,,
ssh,nano,3,16,23.608805,ok,,
ssh,nano,3,17,22.654570,ok,,
ssh,nano,3,18,25.026482,ok,,
ssh,nano,3,19,22.613941,ok,,
ssh,nano,3,20,25.047833,ok,,
ssh,nano,3,21,21.975889,ok,,
ssh,nano,3,22,29.321698,ok,,
ssh,nano,3,23,45.688026,ok,,
ssh,nano,3,24,35.310106,ok,,
ssh,nano,3,25,22.553275,ok,,
ssh,nano,3,26,36.200583,ok,,
ssh,nano,3,27,29.398142,ok,,
ssh,nano,3,28,29.754176,ok,,
ssh,nano,3,29,39.512878,ok,,
ssh,nano,3,30,25.488035,ok,,
ssh,nano,3,31,21.261541,ok,,
ssh,nano,3,32,24.341023,ok,,
ssh,nano,3,33,24.071655,ok,,
ssh,nano,3,34,23.111697,ok,,
ssh,nano,3,35,22.334812,ok,,
ssh,nano,3,36,22.884328,ok,,
ssh,nano,3,37,27.594467,ok,,
ssh,nano,3,38,23.930544,ok,,
ssh,nano,3,39,26.038013,ok,,
ssh,nano,3,40,27.039359,ok,,
ssh,nano,3,41,23.638768,ok,,
ssh,nano,3,42,22.664681,ok,,
ssh,nano,3,43,24.355634,ok,,
ssh,nano,3,44,24.264431,ok,,
ssh,nano,3,45,22.670700,ok,,
ssh,nano,3,46,22.443034,ok,,
ssh,nano,3,47,24.594540,ok,,
ssh,nano,3,48,25.219851,ok,,
ssh,nano,3,49,27.154432,ok,,
ssh,nano,3,50,24.448652,ok,,
ssh,nano,3,51,24.703150,ok,,
ssh,nano,3,52,24.358745,ok,,
ssh,nano,3,53,23.167956,ok,,
ssh,nano,3,54,27.561782,ok,,
ssh,nano,3,55,26.678361,ok,,
ssh,nano,3,56,21.592261,ok,,
ssh,nano,3,57,24.785187,ok,,
ssh,nano,3,58,22.051888,ok,,
ssh,nano,3,59,22.866013,ok,,
ssh,nano,3,60,24.899390,ok,,
ssh,nano,3,61,21.462800,ok,,
ssh,nano,3,62,22.307572,ok,,
ssh,nano,3,63,22.746385,ok,,
ssh,nano,3,64,24.553262,ok,,
ssh,nano,3,65,29.810842,ok,,
ssh,nano,3,66,24.212209,ok,,
ssh,nano,3,67,23.908933,ok,,
ssh,nano,3,68,26.647787,ok,,
ssh,nano,3,69,22.495756,ok,,
ssh,nano,3,70,25.604923,ok,,
ssh,nano,3,71,21.454688,ok,,
ssh,nano,3,72,21.789612,ok,,
ssh,nano,3,73,21.621984,ok,,
ssh,nano,3,74,21.909981,ok,,
ssh,nano,3,75,22.632107,ok,,
ssh,nano,3,76,23.948285,ok,,
ssh,nano,3,77,25.978606,ok,,
ssh,nano,3,78,22.859791,ok,,
ssh,nano,3,79,22.060426,ok,,
ssh,nano,3,80,29.655843,ok,,
ssh,nano,3,81,23.894230,ok,,
ssh,nano,3,82,22.190703,ok,,
ssh,nano,3,83,28.497702,ok,,
ssh,nano,3,84,21.493410,ok,,
ssh,nano,3,85,22.962883,ok,,
ssh,nano,3,86,24.095247,ok,,
ssh,nano,3,87,35.479494,ok,,
ssh,nano,3,88,33.173008,ok,,
ssh,nano,3,89,27.475912,ok,,
ssh,nano,3,90,26.591343,ok,,
ssh,nano,3,91,24.134820,ok,,
ssh,nano,3,92,23.637027,ok,,
ssh,nano,3,93,31.489406,ok,,
ssh,nano,3,94,33.549672,ok,,
ssh,nano,3,95,27.301506,ok,,
ssh,nano,3,96,21.711409,ok,,
ssh,nano,3,97,26.611750,ok,,
ssh,nano,3,98,23.502343,ok,,
ssh,nano,3,99,28.291352,ok,,
ssh,nano,3,100,28.347666,ok,,
ssh3,interactive_shell,1,1,22.086925,ok,,
ssh3,interactive_shell,1,2,24.589873,ok,,
ssh3,interactive_shell,1,3,27.744669,ok,,
ssh3,interactive_shell,1,4,26.180437,ok,,
ssh3,interactive_shell,1,5,25.854791,ok,,
ssh3,interactive_shell,1,6,32.809547,ok,,
ssh3,interactive_shell,1,7,57.754955,ok,,
ssh3,interactive_shell,1,8,72.316942,ok,,
ssh3,interactive_shell,1,9,31.557184,ok,,
ssh3,interactive_shell,1,10,23.139974,ok,,
ssh3,interactive_shell,1,11,32.111106,ok,,
ssh3,interactive_shell,1,12,40.518464,ok,,
ssh3,interactive_shell,1,13,26.716397,ok,,
ssh3,interactive_shell,1,14,26.005679,ok,,
ssh3,interactive_shell,1,15,32.270271,ok,,
ssh3,interactive_shell,1,16,24.524281,ok,,
ssh3,interactive_shell,1,17,33.390098,ok,,
ssh3,interactive_shell,1,18,25.236628,ok,,
ssh3,interactive_shell,1,19,37.546555,ok,,
ssh3,interactive_shell,1,20,22.834791,ok,,
ssh3,interactive_shell,1,21,27.599688,ok,,
ssh3,interactive_shell,1,22,28.954791,ok,,
ssh3,interactive_shell,1,23,26.794082,ok,,
ssh3,interactive_shell,1,24,26.754008,ok,,
ssh3,interactive_shell,1,25,24.165135,ok,,
ssh3,interactive_shell,1,26,37.961997,ok,,
ssh3,interactive_shell,1,27,26.998506,ok,,
ssh3,interactive_shell,1,28,26.578806,ok,,
ssh3,interactive_shell,1,29,26.879841,ok,,
ssh3,interactive_shell,1,30,24.998834,ok,,
ssh3,interactive_shell,1,31,24.076487,ok,,
ssh3,interactive_shell,1,32,23.679397,ok,,
ssh3,interactive_shell,1,33,29.220179,ok,,
ssh3,interactive_shell,1,34,29.038310,ok,,
ssh3,interactive_shell,1,35,38.916103,ok,,
ssh3,interactive_shell,1,36,28.079222,ok,,
ssh3,interactive_shell,1,37,27.784465,ok,,
ssh3,interactive_shell,1,38,28.151259,ok,,
ssh3,interactive_shell,1,39,26.735008,ok,,
ssh3,interactive_shell,1,40,26.206734,ok,,
ssh3,interactive_shell,1,41,26.401232,ok,,
ssh3,interactive_shell,1,42,25.020944,ok,,
ssh3,interactive_shell,1,43,23.750396,ok,,
ssh3,interactive_shell,1,44,23.129974,ok,,
ssh3,interactive_shell,1,45,33.079804,ok,,
ssh3,interactive_shell,1,46,27.142987,ok,,
ssh3,interactive_shell,1,47,25.955216,ok,,
ssh3,interactive_shell,1,48,26.545787,ok,,
ssh3,interactive_shell,1,49,27.441745,ok,,
ssh3,interactive_shell,1,50,25.268887,ok,,
ssh3,interactive_shell,1,51,25.787106,ok,,
ssh3,interactive_shell,1,52,24.953871,ok,,
ssh3,interactive_shell,1,53,24.485559,ok,,
ssh3,interactive_shell,1,54,22.796087,ok,,
ssh3,interactive_shell,1,55,28.274666,ok,,
ssh3,interactive_shell,1,56,25.303516,ok,,
ssh3,interactive_shell,1,57,28.637367,ok,,
ssh3,interactive_shell,1,58,22.676717,ok,,
ssh3,interactive_shell,1,59,29.973341,ok,,
ssh3,interactive_shell,1,60,29.263530,ok,,
ssh3,interactive_shell,1,61,25.650533,ok,,
ssh3,interactive_shell,1,62,28.722422,ok,,
ssh3,interactive_shell,1,63,40.136577,ok,,
ssh3,interactive_shell,1,64,28.883884,ok,,
ssh3,interactive_shell,1,65,109.483629,ok,,
ssh3,interactive_shell,1,66,30.672541,ok,,
ssh3,interactive_shell,1,67,25.237017,ok,,
ssh3,interactive_shell,1,68,25.368238,ok,,
ssh3,interactive_shell,1,69,27.024507,ok,,
ssh3,interactive_shell,1,70,28.720034,ok,,
ssh3,interactive_shell,1,71,27.914946,ok,,
ssh3,interactive_shell,1,72,26.499251,ok,,
ssh3,interactive_shell,1,73,39.483470,ok,,
ssh3,interactive_shell,1,74,23.544397,ok,,
ssh3,interactive_shell,1,75,26.688712,ok,,
ssh3,interactive_shell,1,76,28.131426,ok,,
ssh3,interactive_shell,1,77,26.603527,ok,,
ssh3,interactive_shell,1,78,24.557410,ok,,
ssh3,interactive_shell,1,79,30.469504,ok,,
ssh3,interactive_shell,1,80,22.403460,ok,,
ssh3,interactive_shell,1,81,31.213778,ok,,
ssh3,interactive_shell,1,82,28.510998,ok,,
ssh3,interactive_shell,1,83,28.704330,ok,,
ssh3,interactive_shell,1,84,24.799038,ok,,
ssh3,interactive_shell,1,85,37.041706,ok,,
ssh3,interactive_shell,1,86,24.943815,ok,,
ssh3,interactive_shell,1,87,24.190875,ok,,
ssh3,interactive_shell,1,88,32.161384,ok,,
ssh3,interactive_shell,1,89,23.815377,ok,,
ssh3,interactive_shell,1,90,24.917723,ok,,
ssh3,interactive_shell,1,91,41.693512,ok,,
ssh3,interactive_shell,1,92,32.082902,ok,,
ssh3,interactive_shell,1,93,26.371177,ok,,
ssh3,interactive_shell,1,94,25.693459,ok,,
ssh3,interactive_shell,1,95,28.700960,ok,,
ssh3,interactive_shell,1,96,27.054987,ok,,
ssh3,interactive_shell,1,97,22.406274,ok,,
ssh3,interactive_shell,1,98,31.663886,ok,,
ssh3,interactive_shell,1,99,22.939771,ok,,
ssh3,interactive_shell,1,100,22.334515,ok,,
ssh3,interactive_shell,2,1,30.660522,ok,,
ssh3,interactive_shell,2,2,32.014124,ok,,
ssh3,interactive_shell,2,3,25.169758,ok,,
ssh3,interactive_shell,2,4,23.552638,ok,,
ssh3,interactive_shell,2,5,25.039147,ok,,
ssh3,interactive_shell,2,6,27.219653,ok,,
ssh3,interactive_shell,2,7,27.701150,ok,,
ssh3,interactive_shell,2,8,33.693670,ok,,
ssh3,interactive_shell,2,9,25.534663,ok,,
ssh3,interactive_shell,2,10,26.903414,ok,,
ssh3,interactive_shell,2,11,28.914495,ok,,
ssh3,interactive_shell,2,12,26.229474,ok,,
ssh3,interactive_shell,2,13,34.658165,ok,,
ssh3,interactive_shell,2,14,27.948853,ok,,
ssh3,interactive_shell,2,15,28.734255,ok,,
ssh3,interactive_shell,2,16,23.162158,ok,,
ssh3,interactive_shell,2,17,25.336813,ok,,
ssh3,interactive_shell,2,18,25.966827,ok,,
ssh3,interactive_shell,2,19,29.314159,ok,,
ssh3,interactive_shell,2,20,25.884050,ok,,
ssh3,interactive_shell,2,21,25.084796,ok,,
ssh3,interactive_shell,2,22,28.528589,ok,,
ssh3,interactive_shell,2,23,39.902226,ok,,
ssh3,interactive_shell,2,24,25.930994,ok,,
ssh3,interactive_shell,2,25,27.047729,ok,,
ssh3,interactive_shell,2,26,38.058070,ok,,
ssh3,interactive_shell,2,27,38.772676,ok,,
ssh3,interactive_shell,2,28,32.068994,ok,,
ssh3,interactive_shell,2,29,35.878713,ok,,
ssh3,interactive_shell,2,30,32.042309,ok,,
ssh3,interactive_shell,2,31,28.055019,ok,,
ssh3,interactive_shell,2,32,35.890694,ok,,
ssh3,interactive_shell,2,33,30.942093,ok,,
ssh3,interactive_shell,2,34,32.972638,ok,,
ssh3,interactive_shell,2,35,29.041883,ok,,
ssh3,interactive_shell,2,36,24.559965,ok,,
ssh3,interactive_shell,2,37,25.799810,ok,,
ssh3,interactive_shell,2,38,22.949345,ok,,
ssh3,interactive_shell,2,39,26.815340,ok,,
ssh3,interactive_shell,2,40,30.928835,ok,,
ssh3,interactive_shell,2,41,25.273942,ok,,
ssh3,interactive_shell,2,42,26.888914,ok,,
ssh3,interactive_shell,2,43,27.472096,ok,,
ssh3,interactive_shell,2,44,34.866275,ok,,
ssh3,interactive_shell,2,45,28.555904,ok,,
ssh3,interactive_shell,2,46,26.226085,ok,,
ssh3,interactive_shell,2,47,23.444453,ok,,
ssh3,interactive_shell,2,48,34.655719,ok,,
ssh3,interactive_shell,2,49,24.767908,ok,,
ssh3,interactive_shell,2,50,34.221352,ok,,
ssh3,interactive_shell,2,51,25.830698,ok,,
ssh3,interactive_shell,2,52,32.184919,ok,,
ssh3,interactive_shell,2,53,30.948224,ok,,
ssh3,interactive_shell,2,54,28.282591,ok,,
ssh3,interactive_shell,2,55,36.780022,ok,,
ssh3,interactive_shell,2,56,28.379461,ok,,
ssh3,interactive_shell,2,57,30.797280,ok,,
ssh3,interactive_shell,2,58,33.315005,ok,,
ssh3,interactive_shell,2,59,34.562276,ok,,
ssh3,interactive_shell,2,60,25.933827,ok,,
ssh3,interactive_shell,2,61,27.539151,ok,,
ssh3,interactive_shell,2,62,25.084869,ok,,
ssh3,interactive_shell,2,63,23.136585,ok,,
ssh3,interactive_shell,2,64,27.412726,ok,,
ssh3,interactive_shell,2,65,37.950589,ok,,
ssh3,interactive_shell,2,66,26.103919,ok,,
ssh3,interactive_shell,2,67,24.847408,ok,,
ssh3,interactive_shell,2,68,33.947261,ok,,
ssh3,interactive_shell,2,69,24.163078,ok,,
ssh3,interactive_shell,2,70,25.318109,ok,,
ssh3,interactive_shell,2,71,26.375695,ok,,
ssh3,interactive_shell,2,72,25.565718,ok,,
ssh3,interactive_shell,2,73,27.581595,ok,,
ssh3,interactive_shell,2,74,32.729953,ok,,
ssh3,interactive_shell,2,75,25.578478,ok,,
ssh3,interactive_shell,2,76,25.207924,ok,,
ssh3,interactive_shell,2,77,26.237140,ok,,
ssh3,interactive_shell,2,78,29.151067,ok,,
ssh3,interactive_shell,2,79,42.525765,ok,,
ssh3,interactive_shell,2,80,27.569428,ok,,
ssh3,interactive_shell,2,81,28.459183,ok,,
ssh3,interactive_shell,2,82,24.370744,ok,,
ssh3,interactive_shell,2,83,24.779260,ok,,
ssh3,interactive_shell,2,84,23.899172,ok,,
ssh3,interactive_shell,2,85,30.672299,ok,,
ssh3,interactive_shell,2,86,24.205430,ok,,
ssh3,interactive_shell,2,87,25.621922,ok,,
ssh3,interactive_shell,2,88,23.791229,ok,,
ssh3,interactive_shell,2,89,25.730383,ok,,
ssh3,interactive_shell,2,90,25.429941,ok,,
ssh3,interactive_shell,2,91,25.699162,ok,,
ssh3,interactive_shell,2,92,27.894667,ok,,
ssh3,interactive_shell,2,93,38.052885,ok,,
ssh3,interactive_shell,2,94,25.540959,ok,,
ssh3,interactive_shell,2,95,26.441991,ok,,
ssh3,interactive_shell,2,96,24.157264,ok,,
ssh3,interactive_shell,2,97,67.961262,ok,,
ssh3,interactive_shell,2,98,34.570405,ok,,
ssh3,interactive_shell,2,99,24.247893,ok,,
ssh3,interactive_shell,2,100,23.483526,ok,,
ssh3,interactive_shell,3,1,25.606477,ok,,
ssh3,interactive_shell,3,2,32.078956,ok,,
ssh3,interactive_shell,3,3,22.978067,ok,,
ssh3,interactive_shell,3,4,32.047883,ok,,
ssh3,interactive_shell,3,5,25.318127,ok,,
ssh3,interactive_shell,3,6,30.279764,ok,,
ssh3,interactive_shell,3,7,32.184623,ok,,
ssh3,interactive_shell,3,8,23.867524,ok,,
ssh3,interactive_shell,3,9,29.381159,ok,,
ssh3,interactive_shell,3,10,26.737952,ok,,
ssh3,interactive_shell,3,11,26.706896,ok,,
ssh3,interactive_shell,3,12,25.678791,ok,,
ssh3,interactive_shell,3,13,35.787898,ok,,
ssh3,interactive_shell,3,14,31.287221,ok,,
ssh3,interactive_shell,3,15,23.084159,ok,,
ssh3,interactive_shell,3,16,22.197590,ok,,
ssh3,interactive_shell,3,17,27.927185,ok,,
ssh3,interactive_shell,3,18,35.529658,ok,,
ssh3,interactive_shell,3,19,23.493268,ok,,
ssh3,interactive_shell,3,20,24.119449,ok,,
ssh3,interactive_shell,3,21,25.508756,ok,,
ssh3,interactive_shell,3,22,27.286449,ok,,
ssh3,interactive_shell,3,23,23.272250,ok,,
ssh3,interactive_shell,3,24,25.455163,ok,,
ssh3,interactive_shell,3,25,28.195998,ok,,
ssh3,interactive_shell,3,26,23.187788,ok,,
ssh3,interactive_shell,3,27,30.146265,ok,,
ssh3,interactive_shell,3,28,28.532589,ok,,
ssh3,interactive_shell,3,29,25.828124,ok,,
ssh3,interactive_shell,3,30,25.340478,ok,,
ssh3,interactive_shell,3,31,27.970889,ok,,
ssh3,interactive_shell,3,32,25.415904,ok,,
ssh3,interactive_shell,3,33,49.689426,ok,,
ssh3,interactive_shell,3,34,34.696589,ok,,
ssh3,interactive_shell,3,35,26.348768,ok,,
ssh3,interactive_shell,3,36,29.778470,ok,,
ssh3,interactive_shell,3,37,28.240202,ok,,
ssh3,interactive_shell,3,38,23.676581,ok,,
ssh3,interactive_shell,3,39,24.422040,ok,,
ssh3,interactive_shell,3,40,27.263671,ok,,
ssh3,interactive_shell,3,41,24.488909,ok,,
ssh3,interactive_shell,3,42,30.499762,ok,,
ssh3,interactive_shell,3,43,37.995236,ok,,
ssh3,interactive_shell,3,44,23.110881,ok,,
ssh3,interactive_shell,3,45,22.394904,ok,,
ssh3,interactive_shell,3,46,22.217589,ok,,
ssh3,interactive_shell,3,47,26.783359,ok,,
ssh3,interactive_shell,3,48,23.550415,ok,,
ssh3,interactive_shell,3,49,24.519576,ok,,
ssh3,interactive_shell,3,50,23.783581,ok,,
ssh3,interactive_shell,3,51,29.222900,ok,,
ssh3,interactive_shell,3,52,23.743618,ok,,
ssh3,interactive_shell,3,53,27.948963,ok,,
ssh3,interactive_shell,3,54,24.580983,ok,,
ssh3,interactive_shell,3,55,26.810100,ok,,
ssh3,interactive_shell,3,56,24.552965,ok,,
ssh3,interactive_shell,3,57,25.261442,ok,,
ssh3,interactive_shell,3,58,32.255604,ok,,
ssh3,interactive_shell,3,59,34.454368,ok,,
ssh3,interactive_shell,3,60,27.565725,ok,,
ssh3,interactive_shell,3,61,37.831478,ok,,
ssh3,interactive_shell,3,62,24.959203,ok,,
ssh3,interactive_shell,3,63,31.683718,ok,,
ssh3,interactive_shell,3,64,33.272042,ok,,
ssh3,interactive_shell,3,65,33.738262,ok,,
ssh3,interactive_shell,3,66,47.065663,ok,,
ssh3,interactive_shell,3,67,31.067574,ok,,
ssh3,interactive_shell,3,68,24.076819,ok,,
ssh3,interactive_shell,3,69,22.965048,ok,,
ssh3,interactive_shell,3,70,28.708162,ok,,
ssh3,interactive_shell,3,71,22.433940,ok,,
ssh3,interactive_shell,3,72,24.818796,ok,,
ssh3,interactive_shell,3,73,26.323361,ok,,
ssh3,interactive_shell,3,74,28.031166,ok,,
ssh3,interactive_shell,3,75,25.331201,ok,,
ssh3,interactive_shell,3,76,24.854999,ok,,
ssh3,interactive_shell,3,77,24.269170,ok,,
ssh3,interactive_shell,3,78,24.438317,ok,,
ssh3,interactive_shell,3,79,32.016512,ok,,
ssh3,interactive_shell,3,80,24.687204,ok,,
ssh3,interactive_shell,3,81,26.147473,ok,,
ssh3,interactive_shell,3,82,33.608003,ok,,
ssh3,interactive_shell,3,83,26.399546,ok,,
ssh3,interactive_shell,3,84,22.158145,ok,,
ssh3,interactive_shell,3,85,25.578384,ok,,
ssh3,interactive_shell,3,86,35.304437,ok,,
ssh3,interactive_shell,3,87,24.654575,ok,,
ssh3,interactive_shell,3,88,25.084164,ok,,
ssh3,interactive_shell,3,89,22.454755,ok,,
ssh3,interactive_shell,3,90,23.667673,ok,,
ssh3,interactive_shell,3,91,27.651798,ok,,
ssh3,interactive_shell,3,92,25.595051,ok,,
ssh3,interactive_shell,3,93,25.704143,ok,,
ssh3,interactive_shell,3,94,26.377768,ok,,
ssh3,interactive_shell,3,95,29.740767,ok,,
ssh3,interactive_shell,3,96,23.183232,ok,,
ssh3,interactive_shell,3,97,31.377868,ok,,
ssh3,interactive_shell,3,98,29.436046,ok,,
ssh3,interactive_shell,3,99,23.679136,ok,,
ssh3,interactive_shell,3,100,26.457323,ok,,
ssh3,vim,1,1,28.480922,ok,,
ssh3,vim,1,2,24.469817,ok,,
ssh3,vim,1,3,30.583724,ok,,
ssh3,vim,1,4,26.227824,ok,,
ssh3,vim,1,5,27.980518,ok,,
ssh3,vim,1,6,31.683236,ok,,
ssh3,vim,1,7,48.425840,ok,,
ssh3,vim,1,8,29.636230,ok,,
ssh3,vim,1,9,31.163646,ok,,
ssh3,vim,1,10,28.487218,ok,,
ssh3,vim,1,11,33.350597,ok,,
ssh3,vim,1,12,28.887031,ok,,
ssh3,vim,1,13,25.622421,ok,,
ssh3,vim,1,14,38.413955,ok,,
ssh3,vim,1,15,27.203652,ok,,
ssh3,vim,1,16,25.655087,ok,,
ssh3,vim,1,17,25.429181,ok,,
ssh3,vim,1,18,23.879024,ok,,
ssh3,vim,1,19,36.705891,ok,,
ssh3,vim,1,20,23.782432,ok,,
ssh3,vim,1,21,37.363203,ok,,
ssh3,vim,1,22,39.445338,ok,,
ssh3,vim,1,23,23.707339,ok,,
ssh3,vim,1,24,27.014913,ok,,
ssh3,vim,1,25,47.446475,ok,,
ssh3,vim,1,26,31.940716,ok,,
ssh3,vim,1,27,31.488515,ok,,
ssh3,vim,1,28,29.375379,ok,,
ssh3,vim,1,29,26.367397,ok,,
ssh3,vim,1,30,23.052380,ok,,
ssh3,vim,1,31,37.270962,ok,,
ssh3,vim,1,32,28.646532,ok,,
ssh3,vim,1,33,27.676963,ok,,
ssh3,vim,1,34,26.071788,ok,,
ssh3,vim,1,35,30.158745,ok,,
ssh3,vim,1,36,28.797642,ok,,
ssh3,vim,1,37,23.917227,ok,,
ssh3,vim,1,38,27.816296,ok,,
ssh3,vim,1,39,30.165097,ok,,
ssh3,vim,1,40,24.498927,ok,,
ssh3,vim,1,41,30.452484,ok,,
ssh3,vim,1,42,26.880265,ok,,
ssh3,vim,1,43,24.387873,ok,,
ssh3,vim,1,44,28.909494,ok,,
ssh3,vim,1,45,27.416094,ok,,
ssh3,vim,1,46,24.792777,ok,,
ssh3,vim,1,47,42.008174,ok,,
ssh3,vim,1,48,23.874301,ok,,
ssh3,vim,1,49,23.550007,ok,,
ssh3,vim,1,50,26.162380,ok,,
ssh3,vim,1,51,25.787790,ok,,
ssh3,vim,1,52,29.498323,ok,,
ssh3,vim,1,53,23.836024,ok,,
ssh3,vim,1,54,26.771543,ok,,
ssh3,vim,1,55,40.957976,ok,,
ssh3,vim,1,56,30.894797,ok,,
ssh3,vim,1,57,25.680142,ok,,
ssh3,vim,1,58,29.722451,ok,,
ssh3,vim,1,59,32.200900,ok,,
ssh3,vim,1,60,41.102161,ok,,
ssh3,vim,1,61,34.643255,ok,,
ssh3,vim,1,62,28.920734,ok,,
ssh3,vim,1,63,31.529626,ok,,
ssh3,vim,1,64,29.361620,ok,,
ssh3,vim,1,65,31.905068,ok,,
ssh3,vim,1,66,23.447748,ok,,
ssh3,vim,1,67,32.823081,ok,,
ssh3,vim,1,68,31.788032,ok,,
ssh3,vim,1,69,32.565527,ok,,
ssh3,vim,1,70,24.002726,ok,,
ssh3,vim,1,71,33.088950,ok,,
ssh3,vim,1,72,23.233786,ok,,
ssh3,vim,1,73,31.294516,ok,,
ssh3,vim,1,74,25.645476,ok,,
ssh3,vim,1,75,26.287917,ok,,
ssh3,vim,1,76,37.496257,ok,,
ssh3,vim,1,77,28.187090,ok,,
ssh3,vim,1,78,39.469208,ok,,
ssh3,vim,1,79,29.000863,ok,,
ssh3,vim,1,80,30.381095,ok,,
ssh3,vim,1,81,30.253670,ok,,
ssh3,vim,1,82,44.683806,ok,,
ssh3,vim,1,83,32.036289,ok,,
ssh3,vim,1,84,24.959554,ok,,
ssh3,vim,1,85,30.569539,ok,,
ssh3,vim,1,86,34.411368,ok,,
ssh3,vim,1,87,38.835730,ok,,
ssh3,vim,1,88,26.391249,ok,,
ssh3,vim,1,89,25.806253,ok,,
ssh3,vim,1,90,28.957085,ok,,
ssh3,vim,1,91,36.239357,ok,,
ssh3,vim,1,92,24.153744,ok,,
ssh3,vim,1,93,33.119764,ok,,
ssh3,vim,1,94,46.357315,ok,,
ssh3,vim,1,95,23.371452,ok,,
ssh3,vim,1,96,30.970999,ok,,
ssh3,vim,1,97,30.591650,ok,,
ssh3,vim,1,98,27.005060,ok,,
ssh3,vim,1,99,24.625555,ok,,
ssh3,vim,1,100,41.298456,ok,,
ssh3,vim,2,1,27.704222,ok,,
ssh3,vim,2,2,25.052256,ok,,
ssh3,vim,2,3,28.791068,ok,,
ssh3,vim,2,4,32.157992,ok,,
ssh3,vim,2,5,27.366632,ok,,
ssh3,vim,2,6,33.786667,ok,,
ssh3,vim,2,7,33.541409,ok,,
ssh3,vim,2,8,35.204362,ok,,
ssh3,vim,2,9,36.332097,ok,,
ssh3,vim,2,10,27.311114,ok,,
ssh3,vim,2,11,23.964041,ok,,
ssh3,vim,2,12,28.969529,ok,,
ssh3,vim,2,13,33.467632,ok,,
ssh3,vim,2,14,23.847931,ok,,
ssh3,vim,2,15,26.029085,ok,,
ssh3,vim,2,16,33.783686,ok,,
ssh3,vim,2,17,31.051998,ok,,
ssh3,vim,2,18,30.191652,ok,,
ssh3,vim,2,19,38.764637,ok,,
ssh3,vim,2,20,28.679384,ok,,
ssh3,vim,2,21,23.385396,ok,,
ssh3,vim,2,22,23.751228,ok,,
ssh3,vim,2,23,30.597186,ok,,
ssh3,vim,2,24,22.977362,ok,,
ssh3,vim,2,25,25.609401,ok,,
ssh3,vim,2,26,27.561390,ok,,
ssh3,vim,2,27,23.384119,ok,,
ssh3,vim,2,28,22.996584,ok,,
ssh3,vim,2,29,29.086196,ok,,
ssh3,vim,2,30,22.784419,ok,,
ssh3,vim,2,31,30.708852,ok,,
ssh3,vim,2,32,25.193607,ok,,
ssh3,vim,2,33,28.147367,ok,,
ssh3,vim,2,34,22.669271,ok,,
ssh3,vim,2,35,23.047399,ok,,
ssh3,vim,2,36,22.672604,ok,,
ssh3,vim,2,37,35.911043,ok,,
ssh3,vim,2,38,22.691160,ok,,
ssh3,vim,2,39,25.960400,ok,,
ssh3,vim,2,40,25.437717,ok,,
ssh3,vim,2,41,24.506057,ok,,
ssh3,vim,2,42,26.282305,ok,,
ssh3,vim,2,43,26.961579,ok,,
ssh3,vim,2,44,36.492891,ok,,
ssh3,vim,2,45,23.720580,ok,,
ssh3,vim,2,46,25.944215,ok,,
ssh3,vim,2,47,28.737438,ok,,
ssh3,vim,2,48,23.251583,ok,,
ssh3,vim,2,49,26.719987,ok,,
ssh3,vim,2,50,24.425260,ok,,
ssh3,vim,2,51,25.316884,ok,,
ssh3,vim,2,52,24.791906,ok,,
ssh3,vim,2,53,22.426402,ok,,
ssh3,vim,2,54,22.200236,ok,,
ssh3,vim,2,55,26.237954,ok,,
ssh3,vim,2,56,26.658395,ok,,
ssh3,vim,2,57,23.987004,ok,,
ssh3,vim,2,58,23.943115,ok,,
ssh3,vim,2,59,35.602008,ok,,
ssh3,vim,2,60,34.264535,ok,,
ssh3,vim,2,61,31.039535,ok,,
ssh3,vim,2,62,26.375971,ok,,
ssh3,vim,2,63,30.621278,ok,,
ssh3,vim,2,64,29.664988,ok,,
ssh3,vim,2,65,22.542179,ok,,
ssh3,vim,2,66,27.255354,ok,,
ssh3,vim,2,67,30.434298,ok,,
ssh3,vim,2,68,24.969053,ok,,
ssh3,vim,2,69,29.696858,ok,,
ssh3,vim,2,70,27.438891,ok,,
ssh3,vim,2,71,26.438804,ok,,
ssh3,vim,2,72,34.286441,ok,,
ssh3,vim,2,73,26.482248,ok,,
ssh3,vim,2,74,31.411922,ok,,
ssh3,vim,2,75,37.068462,ok,,
ssh3,vim,2,76,28.433995,ok,,
ssh3,vim,2,77,25.287107,ok,,
ssh3,vim,2,78,25.741178,ok,,
ssh3,vim,2,79,29.347342,ok,,
ssh3,vim,2,80,36.173653,ok,,
ssh3,vim,2,81,25.668253,ok,,
ssh3,vim,2,82,29.241805,ok,,
ssh3,vim,2,83,24.860703,ok,,
ssh3,vim,2,84,25.315236,ok,,
ssh3,vim,2,85,32.975265,ok,,
ssh3,vim,2,86,25.070275,ok,,
ssh3,vim,2,87,29.917450,ok,,
ssh3,vim,2,88,27.678426,ok,,
ssh3,vim,2,89,30.420965,ok,,
ssh3,vim,2,90,29.958134,ok,,
ssh3,vim,2,91,31.310459,ok,,
ssh3,vim,2,92,30.391317,ok,,
ssh3,vim,2,93,22.185478,ok,,
ssh3,vim,2,94,24.857294,ok,,
ssh3,vim,2,95,25.123237,ok,,
ssh3,vim,2,96,27.221910,ok,,
ssh3,vim,2,97,42.368263,ok,,
ssh3,vim,2,98,31.922956,ok,,
ssh3,vim,2,99,28.132683,ok,,
ssh3,vim,2,100,30.925185,ok,,
ssh3,vim,3,1,27.656592,ok,,
ssh3,vim,3,2,24.905924,ok,,
ssh3,vim,3,3,30.625352,ok,,
ssh3,vim,3,4,26.292638,ok,,
ssh3,vim,3,5,27.779277,ok,,
ssh3,vim,3,6,40.980642,ok,,
ssh3,vim,3,7,31.659865,ok,,
ssh3,vim,3,8,31.232441,ok,,
ssh3,vim,3,9,30.979202,ok,,
ssh3,vim,3,10,24.618629,ok,,
ssh3,vim,3,11,28.521124,ok,,
ssh3,vim,3,12,27.694018,ok,,
ssh3,vim,3,13,24.166206,ok,,
ssh3,vim,3,14,34.041295,ok,,
ssh3,vim,3,15,34.911882,ok,,
ssh3,vim,3,16,30.441150,ok,,
ssh3,vim,3,17,26.681210,ok,,
ssh3,vim,3,18,46.370720,ok,,
ssh3,vim,3,19,23.524802,ok,,
ssh3,vim,3,20,25.588586,ok,,
ssh3,vim,3,21,27.318780,ok,,
ssh3,vim,3,22,29.235028,ok,,
ssh3,vim,3,23,27.534260,ok,,
ssh3,vim,3,24,23.482062,ok,,
ssh3,vim,3,25,26.471451,ok,,
ssh3,vim,3,26,26.595302,ok,,
ssh3,vim,3,27,25.104570,ok,,
ssh3,vim,3,28,27.431112,ok,,
ssh3,vim,3,29,25.039960,ok,,
ssh3,vim,3,30,28.607568,ok,,
ssh3,vim,3,31,24.663111,ok,,
ssh3,vim,3,32,42.015765,ok,,
ssh3,vim,3,33,26.979318,ok,,
ssh3,vim,3,34,26.039731,ok,,
ssh3,vim,3,35,24.777609,ok,,
ssh3,vim,3,36,23.403044,ok,,
ssh3,vim,3,37,26.247990,ok,,
ssh3,vim,3,38,27.677389,ok,,
ssh3,vim,3,39,36.467854,ok,,
ssh3,vim,3,40,34.521255,ok,,
ssh3,vim,3,41,24.035021,ok,,
ssh3,vim,3,42,25.677475,ok,,
ssh3,vim,3,43,32.770024,ok,,
ssh3,vim,3,44,25.479086,ok,,
ssh3,vim,3,45,28.760159,ok,,
ssh3,vim,3,46,24.962905,ok,,
ssh3,vim,3,47,32.932486,ok,,
ssh3,vim,3,48,25.497495,ok,,
ssh3,vim,3,49,24.143039,ok,,
ssh3,vim,3,50,25.126070,ok,,
ssh3,vim,3,51,35.584119,ok,,
ssh3,vim,3,52,24.727387,ok,,
ssh3,vim,3,53,25.208255,ok,,
ssh3,vim,3,54,23.104823,ok,,
ssh3,vim,3,55,28.185144,ok,,
ssh3,vim,3,56,27.179669,ok,,
ssh3,vim,3,57,27.629407,ok,,
ssh3,vim,3,58,35.913283,ok,,
ssh3,vim,3,59,31.017832,ok,,
ssh3,vim,3,60,23.968781,ok,,
ssh3,vim,3,61,27.748388,ok,,
ssh3,vim,3,62,26.138527,ok,,
ssh3,vim,3,63,33.609278,ok,,
ssh3,vim,3,64,42.081264,ok,,
ssh3,vim,3,65,34.862845,ok,,
ssh3,vim,3,66,25.480272,ok,,
ssh3,vim,3,67,27.636351,ok,,
ssh3,vim,3,68,34.943641,ok,,
ssh3,vim,3,69,32.193806,ok,,
ssh3,vim,3,70,27.920795,ok,,
ssh3,vim,3,71,29.763357,ok,,
ssh3,vim,3,72,32.045102,ok,,
ssh3,vim,3,73,42.237838,ok,,
ssh3,vim,3,74,23.990948,ok,,
ssh3,vim,3,75,24.380945,ok,,
ssh3,vim,3,76,23.695505,ok,,
ssh3,vim,3,77,24.631184,ok,,
ssh3,vim,3,78,31.950084,ok,,
ssh3,vim,3,79,28.061256,ok,,
ssh3,vim,3,80,29.564711,ok,,
ssh3,vim,3,81,27.611703,ok,,
ssh3,vim,3,82,23.343693,ok,,
ssh3,vim,3,83,31.541772,ok,,
ssh3,vim,3,84,30.531685,ok,,
ssh3,vim,3,85,24.926183,ok,,
ssh3,vim,3,86,27.770628,ok,,
ssh3,vim,3,87,25.724863,ok,,
ssh3,vim,3,88,38.480267,ok,,
ssh3,vim,3,89,26.422989,ok,,
ssh3,vim,3,90,31.350422,ok,,
ssh3,vim,3,91,23.224693,ok,,
ssh3,vim,3,92,25.625623,ok,,
ssh3,vim,3,93,28.108793,ok,,
ssh3,vim,3,94,33.946036,ok,,
ssh3,vim,3,95,41.158326,ok,,
ssh3,vim,3,96,27.087688,ok,,
ssh3,vim,3,97,30.786870,ok,,
ssh3,vim,3,98,34.291403,ok,,
ssh3,vim,3,99,27.231317,ok,,
ssh3,vim,3,100,26.278286,ok,,
ssh3,nano,1,1,32.013862,ok,,
ssh3,nano,1,2,38.100992,ok,,
ssh3,nano,1,3,44.742766,ok,,
ssh3,nano,1,4,24.217853,ok,,
ssh3,nano,1,5,29.986411,ok,,
ssh3,nano,1,6,22.563567,ok,,
ssh3,nano,1,7,26.607172,ok,,
ssh3,nano,1,8,25.854158,ok,,
ssh3,nano,1,9,32.475377,ok,,
ssh3,nano,1,10,27.804572,ok,,
ssh3,nano,1,11,31.370773,ok,,
ssh3,nano,1,12,23.609098,ok,,
ssh3,nano,1,13,33.967924,ok,,
ssh3,nano,1,14,31.063756,ok,,
ssh3,nano,1,15,45.911741,ok,,
ssh3,nano,1,16,26.858652,ok,,
ssh3,nano,1,17,28.530234,ok,,
ssh3,nano,1,18,24.185798,ok,,
ssh3,nano,1,19,25.465734,ok,,
ssh3,nano,1,20,34.736160,ok,,
ssh3,nano,1,21,24.514759,ok,,
ssh3,nano,1,22,29.066157,ok,,
ssh3,nano,1,23,22.875787,ok,,
ssh3,nano,1,24,27.432297,ok,,
ssh3,nano,1,25,24.476018,ok,,
ssh3,nano,1,26,28.667641,ok,,
ssh3,nano,1,27,32.581229,ok,,
ssh3,nano,1,28,24.493945,ok,,
ssh3,nano,1,29,28.471587,ok,,
ssh3,nano,1,30,24.305742,ok,,
ssh3,nano,1,31,23.768912,ok,,
ssh3,nano,1,32,35.171972,ok,,
ssh3,nano,1,33,27.444445,ok,,
ssh3,nano,1,34,32.473877,ok,,
ssh3,nano,1,35,25.320513,ok,,
ssh3,nano,1,36,26.457321,ok,,
ssh3,nano,1,37,22.921065,ok,,
ssh3,nano,1,38,23.748430,ok,,
ssh3,nano,1,39,24.107224,ok,,
ssh3,nano,1,40,30.106077,ok,,
ssh3,nano,1,41,31.428550,ok,,
ssh3,nano,1,42,24.162817,ok,,
ssh3,nano,1,43,30.066077,ok,,
ssh3,nano,1,44,28.885973,ok,,
ssh3,nano,1,45,33.046337,ok,,
ssh3,nano,1,46,29.369173,ok,,
ssh3,nano,1,47,34.608160,ok,,
ssh3,nano,1,48,32.977466,ok,,
ssh3,nano,1,49,27.829757,ok,,
ssh3,nano,1,50,26.840245,ok,,
ssh3,nano,1,51,23.375765,ok,,
ssh3,nano,1,52,45.964537,ok,,
ssh3,nano,1,53,31.782993,ok,,
ssh3,nano,1,54,28.389957,ok,,
ssh3,nano,1,55,34.919289,ok,,
ssh3,nano,1,56,24.535351,ok,,
ssh3,nano,1,57,30.524648,ok,,
ssh3,nano,1,58,25.589215,ok,,
ssh3,nano,1,59,43.057683,ok,,
ssh3,nano,1,60,39.713222,ok,,
ssh3,nano,1,61,31.778715,ok,,
ssh3,nano,1,62,23.593024,ok,,
ssh3,nano,1,63,35.155380,ok,,
ssh3,nano,1,64,23.510820,ok,,
ssh3,nano,1,65,30.806535,ok,,
ssh3,nano,1,66,25.571197,ok,,
ssh3,nano,1,67,33.934461,ok,,
ssh3,nano,1,68,35.047639,ok,,
ssh3,nano,1,69,27.224224,ok,,
ssh3,nano,1,70,23.207897,ok,,
ssh3,nano,1,71,26.826967,ok,,
ssh3,nano,1,72,23.458913,ok,,
ssh3,nano,1,73,25.618197,ok,,
ssh3,nano,1,74,31.416679,ok,,
ssh3,nano,1,75,33.794647,ok,,
ssh3,nano,1,76,31.659919,ok,,
ssh3,nano,1,77,23.249989,ok,,
ssh3,nano,1,78,23.045119,ok,,
ssh3,nano,1,79,24.729702,ok,,
ssh3,nano,1,80,42.394539,ok,,
ssh3,nano,1,81,23.200748,ok,,
ssh3,nano,1,82,27.555870,ok,,
ssh3,nano,1,83,23.930151,ok,,
ssh3,nano,1,84,27.724758,ok,,
ssh3,nano,1,85,25.201532,ok,,
ssh3,nano,1,86,36.211428,ok,,
ssh3,nano,1,87,30.916183,ok,,
ssh3,nano,1,88,24.068391,ok,,
ssh3,nano,1,89,25.411883,ok,,
ssh3,nano,1,90,26.669282,ok,,
ssh3,nano,1,91,30.449167,ok,,
ssh3,nano,1,92,25.316587,ok,,
ssh3,nano,1,93,27.163187,ok,,
ssh3,nano,1,94,25.147829,ok,,
ssh3,nano,1,95,22.324086,ok,,
ssh3,nano,1,96,24.112872,ok,,
ssh3,nano,1,97,25.895361,ok,,
ssh3,nano,1,98,25.229588,ok,,
ssh3,nano,1,99,26.543857,ok,,
ssh3,nano,1,100,29.690320,ok,,
ssh3,nano,2,1,51.945258,ok,,
ssh3,nano,2,2,48.654408,ok,,
ssh3,nano,2,3,26.686153,ok,,
ssh3,nano,2,4,43.238107,ok,,
ssh3,nano,2,5,30.174557,ok,,
ssh3,nano,2,6,30.892349,ok,,
ssh3,nano,2,7,28.676233,ok,,
ssh3,nano,2,8,32.730561,ok,,
ssh3,nano,2,9,25.216587,ok,,
ssh3,nano,2,10,37.112164,ok,,
ssh3,nano,2,11,28.748881,ok,,
ssh3,nano,2,12,29.175397,ok,,
ssh3,nano,2,13,30.307575,ok,,
ssh3,nano,2,14,30.737943,ok,,
ssh3,nano,2,15,33.557166,ok,,
ssh3,nano,2,16,43.474570,ok,,
ssh3,nano,2,17,27.362352,ok,,
ssh3,nano,2,18,26.392321,ok,,
ssh3,nano,2,19,30.032892,ok,,
ssh3,nano,2,20,45.543519,ok,,
ssh3,nano,2,21,35.981078,ok,,
ssh3,nano,2,22,25.095810,ok,,
ssh3,nano,2,23,28.950731,ok,,
ssh3,nano,2,24,32.025842,ok,,
ssh3,nano,2,25,40.001183,ok,,
ssh3,nano,2,26,24.706146,ok,,
ssh3,nano,2,27,39.631518,ok,,
ssh3,nano,2,28,31.979565,ok,,
ssh3,nano,2,29,25.092810,ok,,
ssh3,nano,2,30,30.352704,ok,,
ssh3,nano,2,31,31.944769,ok,,
ssh3,nano,2,32,28.957694,ok,,
ssh3,nano,2,33,25.463253,ok,,
ssh3,nano,2,34,28.183014,ok,,
ssh3,nano,2,35,36.563167,ok,,
ssh3,nano,2,36,43.150034,ok,,
ssh3,nano,2,37,25.635918,ok,,
ssh3,nano,2,38,26.164267,ok,,
ssh3,nano,2,39,26.677431,ok,,
ssh3,nano,2,40,28.085996,ok,,
ssh3,nano,2,41,45.523963,ok,,
ssh3,nano,2,42,36.751110,ok,,
ssh3,nano,2,43,24.738090,ok,,
ssh3,nano,2,44,29.810504,ok,,
ssh3,nano,2,45,26.205711,ok,,
ssh3,nano,2,46,28.352309,ok,,
ssh3,nano,2,47,29.196211,ok,,
ssh3,nano,2,48,30.711331,ok,,
ssh3,nano,2,49,24.961478,ok,,
ssh3,nano,2,50,37.831011,ok,,
ssh3,nano,2,51,25.862212,ok,,
ssh3,nano,2,52,27.314019,ok,,
ssh3,nano,2,53,25.571252,ok,,
ssh3,nano,2,54,46.586346,ok,,
ssh3,nano,2,55,30.713128,ok,,
ssh3,nano,2,56,32.385932,ok,,
ssh3,nano,2,57,32.599449,ok,,
ssh3,nano,2,58,34.144348,ok,,
ssh3,nano,2,59,25.051644,ok,,
ssh3,nano,2,60,24.364518,ok,,
ssh3,nano,2,61,34.112163,ok,,
ssh3,nano,2,62,32.445395,ok,,
ssh3,nano,2,63,24.730183,ok,,
ssh3,nano,2,64,23.550060,ok,,
ssh3,nano,2,65,27.500184,ok,,
ssh3,nano,2,66,25.130310,ok,,
ssh3,nano,2,67,24.978126,ok,,
ssh3,nano,2,68,33.004799,ok,,
ssh3,nano,2,69,26.440895,ok,,
ssh3,nano,2,70,23.607782,ok,,
ssh3,nano,2,71,41.283638,ok,,
ssh3,nano,2,72,38.194064,ok,,
ssh3,nano,2,73,63.825834,ok,,
ssh3,nano,2,74,60.841241,ok,,
ssh3,nano,2,75,56.453675,ok,,
ssh3,nano,2,76,59.387991,ok,,
ssh3,nano,2,77,42.189539,ok,,
ssh3,nano,2,78,26.922762,ok,,
ssh3,nano,2,79,27.234871,ok,,
ssh3,nano,2,80,43.737548,ok,,
ssh3,nano,2,81,27.644036,ok,,
ssh3,nano,2,82,27.537685,ok,,
ssh3,nano,2,83,30.696461,ok,,
ssh3,nano,2,84,28.868213,ok,,
ssh3,nano,2,85,25.408197,ok,,
ssh3,nano,2,86,36.812275,ok,,
ssh3,nano,2,87,30.270834,ok,,
ssh3,nano,2,88,30.336111,ok,,
ssh3,nano,2,89,34.335328,ok,,
ssh3,nano,2,90,31.862343,ok,,
ssh3,nano,2,91,24.560110,ok,,
ssh3,nano,2,92,26.586672,ok,,
ssh3,nano,2,93,33.002114,ok,,
ssh3,nano,2,94,30.071576,ok,,
ssh3,nano,2,95,30.935126,ok,,
ssh3,nano,2,96,31.607344,ok,,
ssh3,nano,2,97,33.741776,ok,,
ssh3,nano,2,98,33.347445,ok,,
ssh3,nano,2,99,38.997040,ok,,
ssh3,nano,2,100,36.151205,ok,,
ssh3,nano,3,1,28.920120,ok,,
ssh3,nano,3,2,26.677282,ok,,
ssh3,nano,3,3,22.812805,ok,,
ssh3,nano,3,4,24.936218,ok,,
ssh3,nano,3,5,22.471900,ok,,
ssh3,nano,3,6,30.254630,ok,,
ssh3,nano,3,7,27.083817,ok,,
ssh3,nano,3,8,26.004656,ok,,
ssh3,nano,3,9,35.871948,ok,,
ssh3,nano,3,10,37.232644,ok,,
ssh3,nano,3,11,40.696141,ok,,
ssh3,nano,3,12,23.918483,ok,,
ssh3,nano,3,13,37.151329,ok,,
ssh3,nano,3,14,34.212550,ok,,
ssh3,nano,3,15,26.487949,ok,,
ssh3,nano,3,16,34.755917,ok,,
ssh3,nano,3,17,23.491486,ok,,
ssh3,nano,3,18,27.270574,ok,,
ssh3,nano,3,19,26.188766,ok,,
ssh3,nano,3,20,31.745195,ok,,
ssh3,nano,3,21,27.652349,ok,,
ssh3,nano,3,22,22.463418,ok,,
ssh3,nano,3,23,41.285822,ok,,
ssh3,nano,3,24,26.962909,ok,,
ssh3,nano,3,25,25.293771,ok,,
ssh3,nano,3,26,28.398530,ok,,
ssh3,nano,3,27,23.975705,ok,,
ssh3,nano,3,28,29.117600,ok,,
ssh3,nano,3,29,22.928119,ok,,
ssh3,nano,3,30,32.334821,ok,,
ssh3,nano,3,31,34.189180,ok,,
ssh3,nano,3,32,24.058983,ok,,
ssh3,nano,3,33,23.914910,ok,,
ssh3,nano,3,34,23.577375,ok,,
ssh3,nano,3,35,27.701479,ok,,
ssh3,nano,3,36,30.411870,ok,,
ssh3,nano,3,37,23.982409,ok,,
ssh3,nano,3,38,24.824330,ok,,
ssh3,nano,3,39,25.625028,ok,,
ssh3,nano,3,40,25.021366,ok,,
ssh3,nano,3,41,35.365025,ok,,
ssh3,nano,3,42,43.809622,ok,,
ssh3,nano,3,43,34.279031,ok,,
ssh3,nano,3,44,24.112816,ok,,
ssh3,nano,3,45,34.140254,ok,,
ssh3,nano,3,46,37.909602,ok,,
ssh3,nano,3,47,34.641918,ok,,
ssh3,nano,3,48,28.226550,ok,,
ssh3,nano,3,49,25.205272,ok,,
ssh3,nano,3,50,28.852750,ok,,
ssh3,nano,3,51,24.916310,ok,,
ssh3,nano,3,52,25.809861,ok,,
ssh3,nano,3,53,34.007811,ok,,
ssh3,nano,3,54,28.657621,ok,,
ssh3,nano,3,55,37.025829,ok,,
ssh3,nano,3,56,27.687979,ok,,
ssh3,nano,3,57,27.326907,ok,,
ssh3,nano,3,58,26.857410,ok,,
ssh3,nano,3,59,26.816355,ok,,
ssh3,nano,3,60,30.686554,ok,,
ssh3,nano,3,61,23.680300,ok,,
ssh3,nano,3,62,31.539123,ok,,
ssh3,nano,3,63,24.936403,ok,,
ssh3,nano,3,64,23.048618,ok,,
ssh3,nano,3,65,26.182210,ok,,
ssh3,nano,3,66,27.941607,ok,,
ssh3,nano,3,67,38.640597,ok,,
ssh3,nano,3,68,29.336061,ok,,
ssh3,nano,3,69,24.768552,ok,,
ssh3,nano,3,70,30.084354,ok,,
ssh3,nano,3,71,23.233136,ok,,
ssh3,nano,3,72,29.028711,ok,,
ssh3,nano,3,73,24.244278,ok,,
ssh3,nano,3,74,29.776725,ok,,
ssh3,nano,3,75,29.822522,ok,,
ssh3,nano,3,76,26.306302,ok,,
ssh3,nano,3,77,29.694115,ok,,
ssh3,nano,3,78,35.959836,ok,,
ssh3,nano,3,79,24.107205,ok,,
ssh3,nano,3,80,23.552968,ok,,
ssh3,nano,3,81,26.533301,ok,,
ssh3,nano,3,82,40.137569,ok,,
ssh3,nano,3,83,33.079187,ok,,
ssh3,nano,3,84,23.717188,ok,,
ssh3,nano,3,85,34.569696,ok,,
ssh3,nano,3,86,23.379153,ok,,
ssh3,nano,3,87,32.639949,ok,,
ssh3,nano,3,88,22.618936,ok,,
ssh3,nano,3,89,32.046915,ok,,
ssh3,nano,3,90,25.611621,ok,,
ssh3,nano,3,91,22.657269,ok,,
ssh3,nano,3,92,29.553486,ok,,
ssh3,nano,3,93,26.285543,ok,,
ssh3,nano,3,94,30.022446,ok,,
ssh3,nano,3,95,23.779466,ok,,
ssh3,nano,3,96,31.266772,ok,,
ssh3,nano,3,97,30.711628,ok,,
ssh3,nano,3,98,26.018322,ok,,
ssh3,nano,3,99,33.624942,ok,,
ssh3,nano,3,100,30.577850,ok,,
mosh,interactive_shell,1,1,47.368302,ok,,
mosh,interactive_shell,1,2,57.945885,ok,,
mosh,interactive_shell,1,3,29.124229,ok,,
mosh,interactive_shell,1,4,37.970952,ok,,
mosh,interactive_shell,1,5,46.930212,ok,,
mosh,interactive_shell,1,6,0.528386,ok,,
mosh,interactive_shell,1,7,0.796236,ok,,
mosh,interactive_shell,1,8,0.573756,ok,,
mosh,interactive_shell,1,9,0.394053,ok,,
mosh,interactive_shell,1,10,0.487071,ok,,
mosh,interactive_shell,1,11,0.415183,ok,,
mosh,interactive_shell,1,12,0.514460,ok,,
mosh,interactive_shell,1,13,0.350035,ok,,
mosh,interactive_shell,1,14,0.330535,ok,,
mosh,interactive_shell,1,15,0.337368,ok,,
mosh,interactive_shell,1,16,0.334979,ok,,
mosh,interactive_shell,1,17,0.335313,ok,,
mosh,interactive_shell,1,18,0.325627,ok,,
mosh,interactive_shell,1,19,0.336776,ok,,
mosh,interactive_shell,1,20,0.626126,ok,,
mosh,interactive_shell,1,21,0.351257,ok,,
mosh,interactive_shell,1,22,0.338998,ok,,
mosh,interactive_shell,1,23,0.391776,ok,,
mosh,interactive_shell,1,24,0.336164,ok,,
mosh,interactive_shell,1,25,0.338683,ok,,
mosh,interactive_shell,1,26,0.333368,ok,,
mosh,interactive_shell,1,27,0.402646,ok,,
mosh,interactive_shell,1,28,0.328479,ok,,
mosh,interactive_shell,1,29,0.337702,ok,,
mosh,interactive_shell,1,30,0.375572,ok,,
mosh,interactive_shell,1,31,0.333202,ok,,
mosh,interactive_shell,1,32,0.328886,ok,,
mosh,interactive_shell,1,33,0.717533,ok,,
mosh,interactive_shell,1,34,0.379923,ok,,
mosh,interactive_shell,1,35,0.335683,ok,,
mosh,interactive_shell,1,36,0.350294,ok,,
mosh,interactive_shell,1,37,0.331609,ok,,
mosh,interactive_shell,1,38,0.358628,ok,,
mosh,interactive_shell,1,39,0.327795,ok,,
mosh,interactive_shell,1,40,0.499386,ok,,
mosh,interactive_shell,1,41,0.735292,ok,,
mosh,interactive_shell,1,42,0.823254,ok,,
mosh,interactive_shell,1,43,0.357795,ok,,
mosh,interactive_shell,1,44,0.366517,ok,,
mosh,interactive_shell,1,45,0.343813,ok,,
mosh,interactive_shell,1,46,0.352739,ok,,
mosh,interactive_shell,1,47,0.346757,ok,,
mosh,interactive_shell,1,48,0.361035,ok,,
mosh,interactive_shell,1,49,0.331312,ok,,
mosh,interactive_shell,1,50,0.343127,ok,,
mosh,interactive_shell,1,51,0.328757,ok,,
mosh,interactive_shell,1,52,0.357535,ok,,
mosh,interactive_shell,1,53,0.339646,ok,,
mosh,interactive_shell,1,54,0.350239,ok,,
mosh,interactive_shell,1,55,0.406609,ok,,
mosh,interactive_shell,1,56,0.352165,ok,,
mosh,interactive_shell,1,57,0.370887,ok,,
mosh,interactive_shell,1,58,0.397516,ok,,
mosh,interactive_shell,1,59,0.389812,ok,,
mosh,interactive_shell,1,60,0.356942,ok,,
mosh,interactive_shell,1,61,0.380739,ok,,
mosh,interactive_shell,1,62,0.351516,ok,,
mosh,interactive_shell,1,63,0.329832,ok,,
mosh,interactive_shell,1,64,0.540201,ok,,
mosh,interactive_shell,1,65,0.686348,ok,,
mosh,interactive_shell,1,66,0.365368,ok,,
mosh,interactive_shell,1,67,0.357554,ok,,
mosh,interactive_shell,1,68,0.426034,ok,,
mosh,interactive_shell,1,69,0.345202,ok,,
mosh,interactive_shell,1,70,0.331498,ok,,
mosh,interactive_shell,1,71,0.335387,ok,,
mosh,interactive_shell,1,72,0.374794,ok,,
mosh,interactive_shell,1,73,0.340350,ok,,
mosh,interactive_shell,1,74,0.335572,ok,,
mosh,interactive_shell,1,75,0.350460,ok,,
mosh,interactive_shell,1,76,0.384664,ok,,
mosh,interactive_shell,1,77,0.339980,ok,,
mosh,interactive_shell,1,78,0.791569,ok,,
mosh,interactive_shell,1,79,0.364813,ok,,
mosh,interactive_shell,1,80,0.372812,ok,,
mosh,interactive_shell,1,81,0.334424,ok,,
mosh,interactive_shell,1,82,0.343443,ok,,
mosh,interactive_shell,1,83,0.339832,ok,,
mosh,interactive_shell,1,84,0.389479,ok,,
mosh,interactive_shell,1,85,0.381035,ok,,
mosh,interactive_shell,1,86,0.338757,ok,,
mosh,interactive_shell,1,87,0.329572,ok,,
mosh,interactive_shell,1,88,0.346831,ok,,
mosh,interactive_shell,1,89,0.331609,ok,,
mosh,interactive_shell,1,90,0.333590,ok,,
mosh,interactive_shell,1,91,0.383109,ok,,
mosh,interactive_shell,1,92,0.344683,ok,,
mosh,interactive_shell,1,93,0.332609,ok,,
mosh,interactive_shell,1,94,0.337554,ok,,
mosh,interactive_shell,1,95,0.327517,ok,,
mosh,interactive_shell,1,96,0.333609,ok,,
mosh,interactive_shell,1,97,0.844791,ok,,
mosh,interactive_shell,1,98,0.366775,ok,,
mosh,interactive_shell,1,99,0.347035,ok,,
mosh,interactive_shell,1,100,0.330664,ok,,
mosh,interactive_shell,2,1,35.665707,ok,,
mosh,interactive_shell,2,2,36.230944,ok,,
mosh,interactive_shell,2,3,36.284648,ok,,
mosh,interactive_shell,2,4,52.306864,ok,,
mosh,interactive_shell,2,5,32.275616,ok,,
mosh,interactive_shell,2,6,0.950346,ok,,
mosh,interactive_shell,2,7,1.365325,ok,,
mosh,interactive_shell,2,8,0.824681,ok,,
mosh,interactive_shell,2,9,1.008439,ok,,
mosh,interactive_shell,2,10,0.695477,ok,,
mosh,interactive_shell,2,11,0.999716,ok,,
mosh,interactive_shell,2,12,0.941494,ok,,
mosh,interactive_shell,2,13,0.559312,ok,,
mosh,interactive_shell,2,14,0.602607,ok,,
mosh,interactive_shell,2,15,0.735032,ok,,
mosh,interactive_shell,2,16,0.544385,ok,,
mosh,interactive_shell,2,17,0.591237,ok,,
mosh,interactive_shell,2,18,0.712921,ok,,
mosh,interactive_shell,2,19,0.713384,ok,,
mosh,interactive_shell,2,20,0.933846,ok,,
mosh,interactive_shell,2,21,0.541330,ok,,
mosh,interactive_shell,2,22,0.735847,ok,,
mosh,interactive_shell,2,23,0.538664,ok,,
mosh,interactive_shell,2,24,0.603700,ok,,
mosh,interactive_shell,2,25,1.515936,ok,,
mosh,interactive_shell,2,26,0.607440,ok,,
mosh,interactive_shell,2,27,0.536664,ok,,
mosh,interactive_shell,2,28,1.014438,ok,,
mosh,interactive_shell,2,29,0.691107,ok,,
mosh,interactive_shell,2,30,0.685829,ok,,
mosh,interactive_shell,2,31,0.741310,ok,,
mosh,interactive_shell,2,32,0.594755,ok,,
mosh,interactive_shell,2,33,1.303325,ok,,
mosh,interactive_shell,2,34,0.656588,ok,,
mosh,interactive_shell,2,35,0.555941,ok,,
mosh,interactive_shell,2,36,0.643274,ok,,
mosh,interactive_shell,2,37,0.549682,ok,,
mosh,interactive_shell,2,38,0.612663,ok,,
mosh,interactive_shell,2,39,0.540885,ok,,
mosh,interactive_shell,2,40,0.602552,ok,,
mosh,interactive_shell,2,41,1.453639,ok,,
mosh,interactive_shell,2,42,0.765496,ok,,
mosh,interactive_shell,2,43,0.546404,ok,,
mosh,interactive_shell,2,44,0.625052,ok,,
mosh,interactive_shell,2,45,0.686959,ok,,
mosh,interactive_shell,2,46,0.579626,ok,,
mosh,interactive_shell,2,47,0.576015,ok,,
mosh,interactive_shell,2,48,0.751774,ok,,
mosh,interactive_shell,2,49,0.536089,ok,,
mosh,interactive_shell,2,50,0.631571,ok,,
mosh,interactive_shell,2,51,0.541645,ok,,
mosh,interactive_shell,2,52,0.600329,ok,,
mosh,interactive_shell,2,53,0.530274,ok,,
mosh,interactive_shell,2,54,0.584719,ok,,
mosh,interactive_shell,2,55,0.592700,ok,,
mosh,interactive_shell,2,56,0.577367,ok,,
mosh,interactive_shell,2,57,0.599107,ok,,
mosh,interactive_shell,2,58,0.600052,ok,,
mosh,interactive_shell,2,59,1.341936,ok,,
mosh,interactive_shell,2,60,0.636515,ok,,
mosh,interactive_shell,2,61,0.537608,ok,,
mosh,interactive_shell,2,62,0.579996,ok,,
mosh,interactive_shell,2,63,0.557719,ok,,
mosh,interactive_shell,2,64,0.584997,ok,,
mosh,interactive_shell,2,65,1.112586,ok,,
mosh,interactive_shell,2,66,0.540293,ok,,
mosh,interactive_shell,2,67,0.533256,ok,,
mosh,interactive_shell,2,68,0.790162,ok,,
mosh,interactive_shell,2,69,0.546774,ok,,
mosh,interactive_shell,2,70,0.534515,ok,,
mosh,interactive_shell,2,71,0.526200,ok,,
mosh,interactive_shell,2,72,0.676422,ok,,
mosh,interactive_shell,2,73,0.386127,ok,,
mosh,interactive_shell,2,74,0.320701,ok,,
mosh,interactive_shell,2,75,0.335405,ok,,
mosh,interactive_shell,2,76,0.370276,ok,,
mosh,interactive_shell,2,77,0.340460,ok,,
mosh,interactive_shell,2,78,0.317258,ok,,
mosh,interactive_shell,2,79,0.336535,ok,,
mosh,interactive_shell,2,80,0.791291,ok,,
mosh,interactive_shell,2,81,0.370276,ok,,
mosh,interactive_shell,2,82,0.334295,ok,,
mosh,interactive_shell,2,83,0.334313,ok,,
mosh,interactive_shell,2,84,0.363683,ok,,
mosh,interactive_shell,2,85,0.333572,ok,,
mosh,interactive_shell,2,86,0.373868,ok,,
mosh,interactive_shell,2,87,0.337516,ok,,
mosh,interactive_shell,2,88,0.338868,ok,,
mosh,interactive_shell,2,89,0.334313,ok,,
mosh,interactive_shell,2,90,0.313461,ok,,
mosh,interactive_shell,2,91,0.330109,ok,,
mosh,interactive_shell,2,92,0.314387,ok,,
mosh,interactive_shell,2,93,0.330164,ok,,
mosh,interactive_shell,2,94,0.317165,ok,,
mosh,interactive_shell,2,95,0.378961,ok,,
mosh,interactive_shell,2,96,0.313387,ok,,
mosh,interactive_shell,2,97,0.561552,ok,,
mosh,interactive_shell,2,98,0.346812,ok,,
mosh,interactive_shell,2,99,0.317258,ok,,
mosh,interactive_shell,2,100,0.315072,ok,,
mosh,interactive_shell,3,1,26.489152,ok,,
mosh,interactive_shell,3,2,52.881082,ok,,
mosh,interactive_shell,3,3,35.997278,ok,,
mosh,interactive_shell,3,4,38.432355,ok,,
mosh,interactive_shell,3,5,0.497330,ok,,
mosh,interactive_shell,3,6,0.803365,ok,,
mosh,interactive_shell,3,7,0.492330,ok,,
mosh,interactive_shell,3,8,0.430534,ok,,
mosh,interactive_shell,3,9,0.436627,ok,,
mosh,interactive_shell,3,10,0.405201,ok,,
mosh,interactive_shell,3,11,0.519090,ok,,
mosh,interactive_shell,3,12,0.348183,ok,,
mosh,interactive_shell,3,13,0.317239,ok,,
mosh,interactive_shell,3,14,0.324165,ok,,
mosh,interactive_shell,3,15,0.320035,ok,,
mosh,interactive_shell,3,16,0.314091,ok,,
mosh,interactive_shell,3,17,0.337275,ok,,
mosh,interactive_shell,3,18,0.337684,ok,,
mosh,interactive_shell,3,19,0.481775,ok,,
mosh,interactive_shell,3,20,0.355943,ok,,
mosh,interactive_shell,3,21,0.363128,ok,,
mosh,interactive_shell,3,22,0.352146,ok,,
mosh,interactive_shell,3,23,0.361405,ok,,
mosh,interactive_shell,3,24,0.351794,ok,,
mosh,interactive_shell,3,25,0.339924,ok,,
mosh,interactive_shell,3,26,0.325091,ok,,
mosh,interactive_shell,3,27,0.318369,ok,,
mosh,interactive_shell,3,28,0.335313,ok,,
mosh,interactive_shell,3,29,0.315221,ok,,
mosh,interactive_shell,3,30,0.330368,ok,,
mosh,interactive_shell,3,31,0.317609,ok,,
mosh,interactive_shell,3,32,0.335887,ok,,
mosh,interactive_shell,3,33,0.830014,ok,,
mosh,interactive_shell,3,34,0.343886,ok,,
mosh,interactive_shell,3,35,0.364591,ok,,
mosh,interactive_shell,3,36,0.342683,ok,,
mosh,interactive_shell,3,37,0.360571,ok,,
mosh,interactive_shell,3,38,0.323887,ok,,
mosh,interactive_shell,3,39,0.402627,ok,,
mosh,interactive_shell,3,40,0.319072,ok,,
mosh,interactive_shell,3,41,0.357276,ok,,
mosh,interactive_shell,3,42,0.318386,ok,,
mosh,interactive_shell,3,43,0.350721,ok,,
mosh,interactive_shell,3,44,0.316868,ok,,
mosh,interactive_shell,3,45,0.340072,ok,,
mosh,interactive_shell,3,46,0.342590,ok,,
mosh,interactive_shell,3,47,0.351738,ok,,
mosh,interactive_shell,3,48,0.334553,ok,,
mosh,interactive_shell,3,49,0.377849,ok,,
mosh,interactive_shell,3,50,0.331905,ok,,
mosh,interactive_shell,3,51,0.335980,ok,,
mosh,interactive_shell,3,52,0.327683,ok,,
mosh,interactive_shell,3,53,0.346498,ok,,
mosh,interactive_shell,3,54,0.344906,ok,,
mosh,interactive_shell,3,55,0.333924,ok,,
mosh,interactive_shell,3,56,0.333257,ok,,
mosh,interactive_shell,3,57,0.312905,ok,,
mosh,interactive_shell,3,58,0.377812,ok,,
mosh,interactive_shell,3,59,0.315591,ok,,
mosh,interactive_shell,3,60,0.332257,ok,,
mosh,interactive_shell,3,61,0.314646,ok,,
mosh,interactive_shell,3,62,0.353350,ok,,
mosh,interactive_shell,3,63,0.439034,ok,,
mosh,interactive_shell,3,64,0.333053,ok,,
mosh,interactive_shell,3,65,0.512997,ok,,
mosh,interactive_shell,3,66,0.343739,ok,,
mosh,interactive_shell,3,67,0.381461,ok,,
mosh,interactive_shell,3,68,0.319850,ok,,
mosh,interactive_shell,3,69,0.355683,ok,,
mosh,interactive_shell,3,70,0.317980,ok,,
mosh,interactive_shell,3,71,0.378572,ok,,
mosh,interactive_shell,3,72,0.317591,ok,,
mosh,interactive_shell,3,73,0.318535,ok,,
mosh,interactive_shell,3,74,0.314313,ok,,
mosh,interactive_shell,3,75,0.360571,ok,,
mosh,interactive_shell,3,76,0.315165,ok,,
mosh,interactive_shell,3,77,0.406831,ok,,
mosh,interactive_shell,3,78,0.318294,ok,,
mosh,interactive_shell,3,79,0.382127,ok,,
mosh,interactive_shell,3,80,0.333646,ok,,
mosh,interactive_shell,3,81,0.316980,ok,,
mosh,interactive_shell,3,82,0.353739,ok,,
mosh,interactive_shell,3,83,0.380034,ok,,
mosh,interactive_shell,3,84,0.333850,ok,,
mosh,interactive_shell,3,85,0.339368,ok,,
mosh,interactive_shell,3,86,0.327350,ok,,
mosh,interactive_shell,3,87,0.330776,ok,,
mosh,interactive_shell,3,88,0.331609,ok,,
mosh,interactive_shell,3,89,0.314128,ok,,
mosh,interactive_shell,3,90,0.324073,ok,,
mosh,interactive_shell,3,91,0.312647,ok,,
mosh,interactive_shell,3,92,0.313202,ok,,
mosh,interactive_shell,3,93,0.346387,ok,,
mosh,interactive_shell,3,94,0.312813,ok,,
mosh,interactive_shell,3,95,0.328554,ok,,
mosh,interactive_shell,3,96,0.310738,ok,,
mosh,interactive_shell,3,97,0.565682,ok,,
mosh,interactive_shell,3,98,0.339035,ok,,
mosh,interactive_shell,3,99,0.330257,ok,,
mosh,interactive_shell,3,100,0.359202,ok,,
mosh,vim,1,1,40.812766,ok,,
mosh,vim,1,2,1.063920,ok,,
mosh,vim,1,3,1.075512,ok,,
mosh,vim,1,4,0.847014,ok,,
mosh,vim,1,5,1.362455,ok,,
mosh,vim,1,6,0.714014,ok,,
mosh,vim,1,7,0.632385,ok,,
mosh,vim,1,8,0.923735,ok,,
mosh,vim,1,9,0.701459,ok,,
mosh,vim,1,10,0.684033,ok,,
mosh,vim,1,11,0.847272,ok,,
mosh,vim,1,12,0.696663,ok,,
mosh,vim,1,13,0.605478,ok,,
mosh,vim,1,14,0.590608,ok,,
mosh,vim,1,15,0.580718,ok,,
mosh,vim,1,16,1.006660,ok,,
mosh,vim,1,17,0.601885,ok,,
mosh,vim,1,18,0.612497,ok,,
mosh,vim,1,19,0.645033,ok,,
mosh,vim,1,20,0.596607,ok,,
mosh,vim,1,21,0.598719,ok,,
mosh,vim,1,22,0.594570,ok,,
mosh,vim,1,23,0.578812,ok,,
mosh,vim,1,24,0.600571,ok,,
mosh,vim,1,25,0.591607,ok,,
mosh,vim,1,26,0.743292,ok,,
mosh,vim,1,27,0.582237,ok,,
mosh,vim,1,28,0.583237,ok,,
mosh,vim,1,29,0.703403,ok,,
mosh,vim,1,30,0.633089,ok,,
mosh,vim,1,31,0.586829,ok,,
mosh,vim,1,32,1.314714,ok,,
mosh,vim,1,33,0.642107,ok,,
mosh,vim,1,34,0.608404,ok,,
mosh,vim,1,35,0.523682,ok,,
mosh,vim,1,36,0.444219,ok,,
mosh,vim,1,37,0.427664,ok,,
mosh,vim,1,38,0.531367,ok,,
mosh,vim,1,39,0.436756,ok,,
mosh,vim,1,40,0.440201,ok,,
mosh,vim,1,41,0.534385,ok,,
mosh,vim,1,42,0.518867,ok,,
mosh,vim,1,43,0.451497,ok,,
mosh,vim,1,44,0.446368,ok,,
mosh,vim,1,45,0.438238,ok,,
mosh,vim,1,46,0.442330,ok,,
mosh,vim,1,47,0.436942,ok,,
mosh,vim,1,48,0.457312,ok,,
mosh,vim,1,49,0.439812,ok,,
mosh,vim,1,50,0.432015,ok,,
mosh,vim,1,51,0.434719,ok,,
mosh,vim,1,52,0.430645,ok,,
mosh,vim,1,53,0.435886,ok,,
mosh,vim,1,54,0.432830,ok,,
mosh,vim,1,55,0.437257,ok,,
mosh,vim,1,56,0.429053,ok,,
mosh,vim,1,57,0.433664,ok,,
mosh,vim,1,58,0.430756,ok,,
mosh,vim,1,59,0.546552,ok,,
mosh,vim,1,60,0.437183,ok,,
mosh,vim,1,61,0.432849,ok,,
mosh,vim,1,62,0.501830,ok,,
mosh,vim,1,63,0.430034,ok,,
mosh,vim,1,64,0.519756,ok,,
mosh,vim,1,65,0.542941,ok,,
mosh,vim,1,66,0.437498,ok,,
mosh,vim,1,67,0.431238,ok,,
mosh,vim,1,68,0.498108,ok,,
mosh,vim,1,69,0.428146,ok,,
mosh,vim,1,70,48.433460,ok,,
mosh,vim,1,71,135.343404,ok,,
mosh,vim,1,72,48.173906,ok,,
mosh,vim,1,73,37.543250,ok,,
mosh,vim,1,74,35.510892,ok,,
mosh,vim,1,75,0.789995,ok,,
mosh,vim,1,76,1.202289,ok,,
mosh,vim,1,77,0.704607,ok,,
mosh,vim,1,78,0.660348,ok,,
mosh,vim,1,79,0.624829,ok,,
mosh,vim,1,80,0.764606,ok,,
mosh,vim,1,81,0.653403,ok,,
mosh,vim,1,82,0.662385,ok,,
mosh,vim,1,83,0.628088,ok,,
mosh,vim,1,84,0.784033,ok,,
mosh,vim,1,85,0.619792,ok,,
mosh,vim,1,86,0.642570,ok,,
mosh,vim,1,87,0.622311,ok,,
mosh,vim,1,88,0.831624,ok,,
mosh,vim,1,89,0.657478,ok,,
mosh,vim,1,90,0.613866,ok,,
mosh,vim,1,91,0.618404,ok,,
mosh,vim,1,92,0.551256,ok,,
mosh,vim,1,93,0.554404,ok,,
mosh,vim,1,94,0.601237,ok,,
mosh,vim,1,95,0.728422,ok,,
mosh,vim,1,96,0.628663,ok,,
mosh,vim,1,97,1.129104,ok,,
mosh,vim,1,98,0.562830,ok,,
mosh,vim,1,99,0.492626,ok,,
mosh,vim,1,100,0.519238,ok,,
mosh,vim,2,1,0.436923,ok,,
mosh,vim,2,2,0.401757,ok,,
mosh,vim,2,3,0.438924,ok,,
mosh,vim,2,4,0.423127,ok,,
mosh,vim,2,5,0.409202,ok,,
mosh,vim,2,6,0.418738,ok,,
mosh,vim,2,7,0.421794,ok,,
mosh,vim,2,8,0.412831,ok,,
mosh,vim,2,9,0.824828,ok,,
mosh,vim,2,10,0.655366,ok,,
mosh,vim,2,11,0.529275,ok,,
mosh,vim,2,12,0.355461,ok,,
mosh,vim,2,13,0.335869,ok,,
mosh,vim,2,14,0.335664,ok,,
mosh,vim,2,15,0.350349,ok,,
mosh,vim,2,16,0.333924,ok,,
mosh,vim,2,17,0.324201,ok,,
mosh,vim,2,18,0.334016,ok,,
mosh,vim,2,19,0.334868,ok,,
mosh,vim,2,20,0.337294,ok,,
mosh,vim,2,21,0.338831,ok,,
mosh,vim,2,22,0.318220,ok,,
mosh,vim,2,23,0.342017,ok,,
mosh,vim,2,24,0.334368,ok,,
mosh,vim,2,25,0.665884,ok,,
mosh,vim,2,26,0.368035,ok,,
mosh,vim,2,27,0.335424,ok,,
mosh,vim,2,28,0.354572,ok,,
mosh,vim,2,29,0.343461,ok,,
mosh,vim,2,30,0.344535,ok,,
mosh,vim,2,31,0.337128,ok,,
mosh,vim,2,32,0.331035,ok,,
mosh,vim,2,33,0.335665,ok,,
mosh,vim,2,34,0.335146,ok,,
mosh,vim,2,35,0.334516,ok,,
mosh,vim,2,36,0.327424,ok,,
mosh,vim,2,37,0.336165,ok,,
mosh,vim,2,38,0.351405,ok,,
mosh,vim,2,39,0.340794,ok,,
mosh,vim,2,40,0.329406,ok,,
mosh,vim,2,41,0.337312,ok,,
mosh,vim,2,42,0.332720,ok,,
mosh,vim,2,43,0.334887,ok,,
mosh,vim,2,44,0.331350,ok,,
mosh,vim,2,45,0.332664,ok,,
mosh,vim,2,46,0.334091,ok,,
mosh,vim,2,47,0.334312,ok,,
mosh,vim,2,48,0.331127,ok,,
mosh,vim,2,49,0.340239,ok,,
mosh,vim,2,50,0.330813,ok,,
mosh,vim,2,51,0.333961,ok,,
mosh,vim,2,52,0.328053,ok,,
mosh,vim,2,53,0.331739,ok,,
mosh,vim,2,54,0.328479,ok,,
mosh,vim,2,55,0.333906,ok,,
mosh,vim,2,56,0.323757,ok,,
mosh,vim,2,57,0.495404,ok,,
mosh,vim,2,58,0.340165,ok,,
mosh,vim,2,59,0.335183,ok,,
mosh,vim,2,60,0.336202,ok,,
mosh,vim,2,61,0.770014,ok,,
mosh,vim,2,62,0.365554,ok,,
mosh,vim,2,63,0.342313,ok,,
mosh,vim,2,64,0.334369,ok,,
mosh,vim,2,65,0.332479,ok,,
mosh,vim,2,66,0.329887,ok,,
mosh,vim,2,67,0.314239,ok,,
mosh,vim,2,68,0.329535,ok,,
mosh,vim,2,69,0.331942,ok,,
mosh,vim,2,70,59.388114,ok,,
mosh,vim,2,71,26.942371,ok,,
mosh,vim,2,72,50.305207,ok,,
mosh,vim,2,73,34.184955,ok,,
mosh,vim,2,74,0.491849,ok,,
mosh,vim,2,75,0.856957,ok,,
mosh,vim,2,76,0.462257,ok,,
mosh,vim,2,77,0.667792,ok,,
mosh,vim,2,78,0.433071,ok,,
mosh,vim,2,79,0.744107,ok,,
mosh,vim,2,80,0.427719,ok,,
mosh,vim,2,81,0.426701,ok,,
mosh,vim,2,82,0.420423,ok,,
mosh,vim,2,83,0.697589,ok,,
mosh,vim,2,84,0.420330,ok,,
mosh,vim,2,85,0.424035,ok,,
mosh,vim,2,86,0.444089,ok,,
mosh,vim,2,87,0.663940,ok,,
mosh,vim,2,88,0.459794,ok,,
mosh,vim,2,89,0.384571,ok,,
mosh,vim,2,90,0.349220,ok,,
mosh,vim,2,91,0.350313,ok,,
mosh,vim,2,92,0.340590,ok,,
mosh,vim,2,93,0.347238,ok,,
mosh,vim,2,94,0.343313,ok,,
mosh,vim,2,95,0.361423,ok,,
mosh,vim,2,96,0.338702,ok,,
mosh,vim,2,97,0.340331,ok,,
mosh,vim,2,98,0.341517,ok,,
mosh,vim,2,99,0.341053,ok,,
mosh,vim,2,100,0.338350,ok,,
mosh,vim,3,1,0.559460,ok,,
mosh,vim,3,2,0.814810,ok,,
mosh,vim,3,3,0.875513,ok,,
mosh,vim,3,4,0.652459,ok,,
mosh,vim,3,5,0.709625,ok,,
mosh,vim,3,6,0.865550,ok,,
mosh,vim,3,7,1.264807,ok,,
mosh,vim,3,8,0.906124,ok,,
mosh,vim,3,9,0.685570,ok,,
mosh,vim,3,10,0.895976,ok,,
mosh,vim,3,11,0.670589,ok,,
mosh,vim,3,12,0.655663,ok,,
mosh,vim,3,13,0.773865,ok,,
mosh,vim,3,14,0.620903,ok,,
mosh,vim,3,15,0.555922,ok,,
mosh,vim,3,16,0.549904,ok,,
mosh,vim,3,17,0.521126,ok,,
mosh,vim,3,18,0.464238,ok,,
mosh,vim,3,19,0.457941,ok,,
mosh,vim,3,20,0.472442,ok,,
mosh,vim,3,21,0.432979,ok,,
mosh,vim,3,22,0.470941,ok,,
mosh,vim,3,23,0.960716,ok,,
mosh,vim,3,24,0.494089,ok,,
mosh,vim,3,25,0.437552,ok,,
mosh,vim,3,26,0.504126,ok,,
mosh,vim,3,27,0.432423,ok,,
mosh,vim,3,28,0.468979,ok,,
mosh,vim,3,29,0.431479,ok,,
mosh,vim,3,30,0.465609,ok,,
mosh,vim,3,31,0.454516,ok,,
mosh,vim,3,32,0.470146,ok,,
mosh,vim,3,33,0.428960,ok,,
mosh,vim,3,34,0.465182,ok,,
mosh,vim,3,35,0.433998,ok,,
mosh,vim,3,36,0.470164,ok,,
mosh,vim,3,37,0.435608,ok,,
mosh,vim,3,38,0.488868,ok,,
mosh,vim,3,39,0.435238,ok,,
mosh,vim,3,40,1.171326,ok,,
mosh,vim,3,41,0.481960,ok,,
mosh,vim,3,42,0.457497,ok,,
mosh,vim,3,43,0.435590,ok,,
mosh,vim,3,44,0.473275,ok,,
mosh,vim,3,45,0.432886,ok,,
mosh,vim,3,46,0.472960,ok,,
mosh,vim,3,47,0.473960,ok,,
mosh,vim,3,48,0.429164,ok,,
mosh,vim,3,49,0.465812,ok,,
mosh,vim,3,50,0.431127,ok,,
mosh,vim,3,51,0.453572,ok,,
mosh,vim,3,52,0.550200,ok,,
mosh,vim,3,53,0.469201,ok,,
mosh,vim,3,54,0.460182,ok,,
mosh,vim,3,55,0.714810,ok,,
mosh,vim,3,56,0.483404,ok,,
mosh,vim,3,57,0.465923,ok,,
mosh,vim,3,58,0.434238,ok,,
mosh,vim,3,59,0.455331,ok,,
mosh,vim,3,60,0.426164,ok,,
mosh,vim,3,61,0.452201,ok,,
mosh,vim,3,62,0.428849,ok,,
mosh,vim,3,63,0.453794,ok,,
mosh,vim,3,64,0.539256,ok,,
mosh,vim,3,65,0.454609,ok,,
mosh,vim,3,66,0.427720,ok,,
mosh,vim,3,67,0.471738,ok,,
mosh,vim,3,68,0.435479,ok,,
mosh,vim,3,69,0.457386,ok,,
mosh,vim,3,70,7.903636,ok,,
mosh,vim,3,71,0.157888,ok,,
mosh,vim,3,72,123.767417,ok,,
mosh,vim,3,73,53.430483,ok,,
mosh,vim,3,74,1.032271,ok,,
mosh,vim,3,75,1.253215,ok,,
mosh,vim,3,76,1.018030,ok,,
mosh,vim,3,77,0.942217,ok,,
mosh,vim,3,78,0.930216,ok,,
mosh,vim,3,79,1.090808,ok,,
mosh,vim,3,80,1.017938,ok,,
mosh,vim,3,81,0.667996,ok,,
mosh,vim,3,82,0.686237,ok,,
mosh,vim,3,83,1.203678,ok,,
mosh,vim,3,84,0.775384,ok,,
mosh,vim,3,85,0.736755,ok,,
mosh,vim,3,86,0.756699,ok,,
mosh,vim,3,87,1.187993,ok,,
mosh,vim,3,88,0.822476,ok,,
mosh,vim,3,89,0.606070,ok,,
mosh,vim,3,90,0.604237,ok,,
mosh,vim,3,91,0.608385,ok,,
mosh,vim,3,92,0.607385,ok,,
mosh,vim,3,93,0.549867,ok,,
mosh,vim,3,94,0.645163,ok,,
mosh,vim,3,95,0.609441,ok,,
mosh,vim,3,96,1.198882,ok,,
mosh,vim,3,97,0.563237,ok,,
mosh,vim,3,98,0.784958,ok,,
mosh,vim,3,99,0.663366,ok,,
mosh,vim,3,100,0.640737,ok,,
mosh,nano,1,1,0.390090,ok,,
mosh,nano,1,2,0.702440,ok,,
mosh,nano,1,3,0.862884,ok,,
mosh,nano,1,4,0.452127,ok,,
mosh,nano,1,5,0.519479,ok,,
mosh,nano,1,6,0.676477,ok,,
mosh,nano,1,7,0.574645,ok,,
mosh,nano,1,8,0.525608,ok,,
mosh,nano,1,9,0.434034,ok,,
mosh,nano,1,10,0.649552,ok,,
mosh,nano,1,11,0.437405,ok,,
mosh,nano,1,12,0.368517,ok,,
mosh,nano,1,13,0.385794,ok,,
mosh,nano,1,14,0.339720,ok,,
mosh,nano,1,15,0.552015,ok,,
mosh,nano,1,16,0.409997,ok,,
mosh,nano,1,17,0.341702,ok,,
mosh,nano,1,18,0.352905,ok,,
mosh,nano,1,19,0.387461,ok,,
mosh,nano,1,20,0.343498,ok,,
mosh,nano,1,21,0.329720,ok,,
mosh,nano,1,22,0.389331,ok,,
mosh,nano,1,23,0.334794,ok,,
mosh,nano,1,24,0.341109,ok,,
mosh,nano,1,25,0.381887,ok,,
mosh,nano,1,26,0.342924,ok,,
mosh,nano,1,27,0.332572,ok,,
mosh,nano,1,28,0.336016,ok,,
mosh,nano,1,29,0.333516,ok,,
mosh,nano,1,30,0.336461,ok,,
mosh,nano,1,31,0.601645,ok,,
mosh,nano,1,32,0.352405,ok,,
mosh,nano,1,33,0.344739,ok,,
mosh,nano,1,34,0.341258,ok,,
mosh,nano,1,35,0.329498,ok,,
mosh,nano,1,36,0.382090,ok,,
mosh,nano,1,37,0.330942,ok,,
mosh,nano,1,38,0.332591,ok,,
mosh,nano,1,39,0.372201,ok,,
mosh,nano,1,40,0.333127,ok,,
mosh,nano,1,41,0.338701,ok,,
mosh,nano,1,42,0.389516,ok,,
mosh,nano,1,43,0.335868,ok,,
mosh,nano,1,44,0.338498,ok,,
mosh,nano,1,45,0.373609,ok,,
mosh,nano,1,46,0.337627,ok,,
mosh,nano,1,47,0.327961,ok,,
mosh,nano,1,48,0.356479,ok,,
mosh,nano,1,49,0.336442,ok,,
mosh,nano,1,50,0.334554,ok,,
mosh,nano,1,51,0.327238,ok,,
mosh,nano,1,52,0.335905,ok,,
mosh,nano,1,53,0.330683,ok,,
mosh,nano,1,54,0.334850,ok,,
mosh,nano,1,55,0.331480,ok,,
mosh,nano,1,56,0.334461,ok,,
mosh,nano,1,57,0.384775,ok,,
mosh,nano,1,58,0.336072,ok,,
mosh,nano,1,59,0.331090,ok,,
mosh,nano,1,60,0.337998,ok,,
mosh,nano,1,61,0.337850,ok,,
mosh,nano,1,62,0.337813,ok,,
mosh,nano,1,63,0.436071,ok,,
mosh,nano,1,64,0.342221,ok,,
mosh,nano,1,65,0.329553,ok,,
mosh,nano,1,66,0.330664,ok,,
mosh,nano,1,67,0.327813,ok,,
mosh,nano,1,68,0.327202,ok,,
mosh,nano,1,69,0.327572,ok,,
mosh,nano,1,70,36.785604,ok,,
mosh,nano,1,71,32.641538,ok,,
mosh,nano,1,72,45.968973,ok,,
mosh,nano,1,73,35.429779,ok,,
mosh,nano,1,74,0.422794,ok,,
mosh,nano,1,75,0.646792,ok,,
mosh,nano,1,76,0.398441,ok,,
mosh,nano,1,77,0.405664,ok,,
mosh,nano,1,78,0.400220,ok,,
mosh,nano,1,79,0.475237,ok,,
mosh,nano,1,80,0.391979,ok,,
mosh,nano,1,81,0.391628,ok,,
mosh,nano,1,82,0.418182,ok,,
mosh,nano,1,83,0.394257,ok,,
mosh,nano,1,84,0.392257,ok,,
mosh,nano,1,85,0.437053,ok,,
mosh,nano,1,86,0.380702,ok,,
mosh,nano,1,87,0.489849,ok,,
mosh,nano,1,88,0.396849,ok,,
mosh,nano,1,89,0.349350,ok,,
mosh,nano,1,90,0.340332,ok,,
mosh,nano,1,91,0.335461,ok,,
mosh,nano,1,92,0.333887,ok,,
mosh,nano,1,93,0.331776,ok,,
mosh,nano,1,94,0.327553,ok,,
mosh,nano,1,95,0.336035,ok,,
mosh,nano,1,96,0.317721,ok,,
mosh,nano,1,97,0.331831,ok,,
mosh,nano,1,98,0.312350,ok,,
mosh,nano,1,99,0.398664,ok,,
mosh,nano,1,100,0.365720,ok,,
mosh,nano,2,1,0.723384,ok,,
mosh,nano,2,2,0.839421,ok,,
mosh,nano,2,3,0.832995,ok,,
mosh,nano,2,4,0.785606,ok,,
mosh,nano,2,5,0.723070,ok,,
mosh,nano,2,6,0.918142,ok,,
mosh,nano,2,7,1.225029,ok,,
mosh,nano,2,8,0.734422,ok,,
mosh,nano,2,9,0.901476,ok,,
mosh,nano,2,10,0.829014,ok,,
mosh,nano,2,11,0.949068,ok,,
mosh,nano,2,12,0.651904,ok,,
mosh,nano,2,13,0.674921,ok,,
mosh,nano,2,14,0.607607,ok,,
mosh,nano,2,15,0.633977,ok,,
mosh,nano,2,16,0.609219,ok,,
mosh,nano,2,17,1.483583,ok,,
mosh,nano,2,18,0.632348,ok,,
mosh,nano,2,19,0.815680,ok,,
mosh,nano,2,20,0.610515,ok,,
mosh,nano,2,21,0.751107,ok,,
mosh,nano,2,22,0.779680,ok,,
mosh,nano,2,23,1.394417,ok,,
mosh,nano,2,24,0.619422,ok,,
mosh,nano,2,25,0.623774,ok,,
mosh,nano,2,26,0.584385,ok,,
mosh,nano,2,27,0.646663,ok,,
mosh,nano,2,28,0.590423,ok,,
mosh,nano,2,29,0.596441,ok,,
mosh,nano,2,30,0.585367,ok,,
mosh,nano,2,31,0.792551,ok,,
mosh,nano,2,32,0.567274,ok,,
mosh,nano,2,33,0.593126,ok,,
mosh,nano,2,34,0.539108,ok,,
mosh,nano,2,35,0.735662,ok,,
mosh,nano,2,36,0.587330,ok,,
mosh,nano,2,37,0.594070,ok,,
mosh,nano,2,38,0.818236,ok,,
mosh,nano,2,39,0.690792,ok,,
mosh,nano,2,40,0.584996,ok,,
mosh,nano,2,41,0.580478,ok,,
mosh,nano,2,42,0.603459,ok,,
mosh,nano,2,43,0.580108,ok,,
mosh,nano,2,44,0.593663,ok,,
mosh,nano,2,45,0.578311,ok,,
mosh,nano,2,46,0.609626,ok,,
mosh,nano,2,47,0.742810,ok,,
mosh,nano,2,48,0.600885,ok,,
mosh,nano,2,49,0.592070,ok,,
mosh,nano,2,50,0.605219,ok,,
mosh,nano,2,51,0.646959,ok,,
mosh,nano,2,52,0.595459,ok,,
mosh,nano,2,53,0.591737,ok,,
mosh,nano,2,54,0.597293,ok,,
mosh,nano,2,55,1.045994,ok,,
mosh,nano,2,56,0.679921,ok,,
mosh,nano,2,57,0.602978,ok,,
mosh,nano,2,58,0.605422,ok,,
mosh,nano,2,59,0.591515,ok,,
mosh,nano,2,60,0.387720,ok,,
mosh,nano,2,61,0.338590,ok,,
mosh,nano,2,62,0.750791,ok,,
mosh,nano,2,63,0.349868,ok,,
mosh,nano,2,64,0.336998,ok,,
mosh,nano,2,65,0.340886,ok,,
mosh,nano,2,66,0.355535,ok,,
mosh,nano,2,67,0.352442,ok,,
mosh,nano,2,68,0.341738,ok,,
mosh,nano,2,69,0.344905,ok,,
mosh,nano,2,70,15.174109,ok,,
mosh,nano,2,71,83.535885,ok,,
mosh,nano,2,72,33.521216,ok,,
mosh,nano,2,73,37.868375,ok,,
mosh,nano,2,74,28.758339,ok,,
mosh,nano,2,75,0.541200,ok,,
mosh,nano,2,76,0.454257,ok,,
mosh,nano,2,77,0.647811,ok,,
mosh,nano,2,78,0.445979,ok,,
mosh,nano,2,79,0.402108,ok,,
mosh,nano,2,80,0.548590,ok,,
mosh,nano,2,81,0.658681,ok,,
mosh,nano,2,82,0.505478,ok,,
mosh,nano,2,83,0.410368,ok,,
mosh,nano,2,84,0.439516,ok,,
mosh,nano,2,85,0.482349,ok,,
mosh,nano,2,86,0.483071,ok,,
mosh,nano,2,87,0.402757,ok,,
mosh,nano,2,88,0.451905,ok,,
mosh,nano,2,89,0.353887,ok,,
mosh,nano,2,90,0.338443,ok,,
mosh,nano,2,91,0.327128,ok,,
mosh,nano,2,92,0.334220,ok,,
mosh,nano,2,93,0.348220,ok,,
mosh,nano,2,94,0.343850,ok,,
mosh,nano,2,95,0.314961,ok,,
mosh,nano,2,96,0.330868,ok,,
mosh,nano,2,97,0.405683,ok,,
mosh,nano,2,98,0.337905,ok,,
mosh,nano,2,99,0.330591,ok,,
mosh,nano,2,100,0.373923,ok,,
mosh,nano,3,1,0.319794,ok,,
mosh,nano,3,2,0.357479,ok,,
mosh,nano,3,3,0.425238,ok,,
mosh,nano,3,4,0.439646,ok,,
mosh,nano,3,5,0.458868,ok,,
mosh,nano,3,6,0.400756,ok,,
mosh,nano,3,7,0.587089,ok,,
mosh,nano,3,8,0.393276,ok,,
mosh,nano,3,9,0.443590,ok,,
mosh,nano,3,10,0.392942,ok,,
mosh,nano,3,11,0.454052,ok,,
mosh,nano,3,12,0.381924,ok,,
mosh,nano,3,13,0.409146,ok,,
mosh,nano,3,14,0.378720,ok,,
mosh,nano,3,15,0.340183,ok,,
mosh,nano,3,16,0.320665,ok,,
mosh,nano,3,17,0.317239,ok,,
mosh,nano,3,18,0.345498,ok,,
mosh,nano,3,19,0.318091,ok,,
mosh,nano,3,20,0.324998,ok,,
mosh,nano,3,21,0.320497,ok,,
mosh,nano,3,22,0.319739,ok,,
mosh,nano,3,23,0.645589,ok,,
mosh,nano,3,24,0.351627,ok,,
mosh,nano,3,25,0.330350,ok,,
mosh,nano,3,26,0.343016,ok,,
mosh,nano,3,27,0.317443,ok,,
mosh,nano,3,28,0.340239,ok,,
mosh,nano,3,29,0.317184,ok,,
mosh,nano,3,30,0.338905,ok,,
mosh,nano,3,31,0.336664,ok,,
mosh,nano,3,32,0.315294,ok,,
mosh,nano,3,33,0.383683,ok,,
mosh,nano,3,34,0.316535,ok,,
mosh,nano,3,35,0.317961,ok,,
mosh,nano,3,36,0.316387,ok,,
mosh,nano,3,37,0.317147,ok,,
mosh,nano,3,38,0.314924,ok,,
mosh,nano,3,39,0.312313,ok,,
mosh,nano,3,40,0.332628,ok,,
mosh,nano,3,41,0.317239,ok,,
mosh,nano,3,42,0.338553,ok,,
mosh,nano,3,43,0.318369,ok,,
mosh,nano,3,44,0.317739,ok,,
mosh,nano,3,45,0.318239,ok,,
mosh,nano,3,46,0.316035,ok,,
mosh,nano,3,47,0.315924,ok,,
mosh,nano,3,48,0.310683,ok,,
mosh,nano,3,49,0.316109,ok,,
mosh,nano,3,50,0.332869,ok,,
mosh,nano,3,51,0.315721,ok,,
mosh,nano,3,52,0.324849,ok,,
mosh,nano,3,53,0.365849,ok,,
mosh,nano,3,54,0.326554,ok,,
mosh,nano,3,55,0.486886,ok,,
mosh,nano,3,56,0.337924,ok,,
mosh,nano,3,57,0.317628,ok,,
mosh,nano,3,58,0.341979,ok,,
mosh,nano,3,59,0.763644,ok,,
mosh,nano,3,60,0.344943,ok,,
mosh,nano,3,61,0.318035,ok,,
mosh,nano,3,62,0.329720,ok,,
mosh,nano,3,63,0.320183,ok,,
mosh,nano,3,64,0.317072,ok,,
mosh,nano,3,65,0.317590,ok,,
mosh,nano,3,66,0.318627,ok,,
mosh,nano,3,67,0.328072,ok,,
mosh,nano,3,68,0.318201,ok,,
mosh,nano,3,69,0.314498,ok,,
mosh,nano,3,70,69.825192,ok,,
mosh,nano,3,71,92.640216,ok,,
mosh,nano,3,72,41.930219,ok,,
mosh,nano,3,73,52.720429,ok,,
mosh,nano,3,74,0.472367,ok,,
mosh,nano,3,75,0.412164,ok,,
mosh,nano,3,76,0.485441,ok,,
mosh,nano,3,77,0.426016,ok,,
mosh,nano,3,78,0.491126,ok,,
mosh,nano,3,79,0.454238,ok,,
mosh,nano,3,80,0.463831,ok,,
mosh,nano,3,81,0.391035,ok,,
mosh,nano,3,82,0.451127,ok,,
mosh,nano,3,83,0.395553,ok,,
mosh,nano,3,84,0.442794,ok,,
mosh,nano,3,85,0.633607,ok,,
mosh,nano,3,86,0.634552,ok,,
mosh,nano,3,87,0.345979,ok,,
mosh,nano,3,88,0.421201,ok,,
mosh,nano,3,89,0.342424,ok,,
mosh,nano,3,90,0.319368,ok,,
mosh,nano,3,91,0.320758,ok,,
mosh,nano,3,92,0.313943,ok,,
mosh,nano,3,93,0.315258,ok,,
mosh,nano,3,94,0.326758,ok,,
mosh,nano,3,95,0.315424,ok,,
mosh,nano,3,96,0.319147,ok,,
mosh,nano,3,97,0.470423,ok,,
mosh,nano,3,98,0.417497,ok,,
mosh,nano,3,99,0.427645,ok,,
mosh,nano,3,100,0.361461,ok,,
